stime,dtime,proto,dip,dport,sip,sport,uplink_length,downlink_length
2017-11-04 03:00:00,2017-11-04 03:00:20,smtp,10.7.133.20,25,10.50.50.29,3038,4880,5479
2017-11-04 03:00:00,2017-11-04 03:13:24,smtp,10.5.71.60,25,10.1.4.17,49187,172,381
2017-11-04 03:00:00,2017-11-04 03:15:49,smtp,10.5.71.60,25,10.1.4.17,49193,125,107
2017-11-04 03:00:00,2017-11-04 03:13:02,smtp,10.5.71.60,25,10.1.4.17,49246,110,199
2017-11-04 03:00:00,2017-11-04 03:15:38,smtp,10.5.71.60,25,10.1.4.17,49215,157,225
2017-11-04 03:00:00,2017-11-04 03:13:26,smtp,10.5.71.60,25,10.1.4.17,49181,189,311
2017-11-04 03:00:00,2017-11-04 03:13:34,smtp,10.5.71.60,25,10.1.4.17,49179,117,162
2017-11-04 03:00:00,2017-11-04 03:16:58,smtp,10.5.71.60,25,10.1.4.17,49205,183,290
2017-11-04 03:00:00,2017-11-04 03:19:43,smtp,10.5.71.60,25,10.1.4.17,49219,176,138
2017-11-04 03:00:00,2017-11-04 03:19:55,smtp,10.5.71.60,25,10.1.4.17,49252,122,376
2017-11-04 03:00:00,2017-11-04 03:12:14,smtp,10.5.71.60,25,10.1.4.17,49171,119,253
2017-11-04 03:00:00,2017-11-04 03:19:22,smtp,10.5.71.60,25,10.1.4.17,49235,188,189
2017-11-04 03:00:00,2017-11-04 03:10:23,smtp,10.5.71.60,25,10.1.4.17,49186,161,112
2017-11-04 03:00:00,2017-11-04 03:12:03,smtp,10.5.71.60,25,10.1.4.17,49185,199,246
2017-11-04 03:00:00,2017-11-04 03:13:19,smtp,10.5.71.60,25,10.1.4.17,49222,146,202
2017-11-04 03:00:00,2017-11-04 03:12:40,smtp,10.5.71.60,25,10.1.4.17,49215,131,161
2017-11-04 03:00:00,2017-11-04 03:00:20,smtp,10.5.71.60,25,10.1.4.17,5788,138,139
2017-11-04 03:00:00,2017-11-04 03:00:20,smtp,10.7.133.15,25,10.63.120.70,5788,62151,35524
2017-11-04 03:00:00,2017-11-04 03:00:20,smtp,10.5.71.60,25,10.1.4.17,2984,124,264
2017-11-04 03:00:00,2017-11-04 03:00:20,smtp,10.7.133.16,25,10.5.71.60,2984,53389,61097
2017-11-04 03:00:00,2017-11-04 03:00:20,smtp,10.5.71.60,25,10.1.4.17,5398,107,256
2017-11-04 03:00:00,2017-11-04 03:00:20,smtp,10.7.133.21,25,10.50.50.26,5398,37509,45210
2017-11-04 03:00:00,2017-11-04 03:00:20,smtp,10.7.133.15,25,10.50.50.27,3518,6093,5510
2017-11-04 03:00:00,2017-11-04 03:00:20,smtp,10.7.133.18,25,10.50.50.28,3397,6119,5318
2017-11-04 03:00:00,2017-11-04 03:13:44,smtp,10.5.71.60,25,10.1.4.17,49216,156,104
2017-11-04 03:00:00,2017-11-04 03:00:20,smtp,10.7.133.16,25,10.50.50.46,3321,34081,56694
2017-11-04 03:00:00,2017-11-04 03:00:20,smtp,10.5.71.60,25,10.1.4.17,3321,123,154
2017-11-04 03:00:00,2017-11-04 03:00:10,smtp,10.5.71.60,25,10.1.4.17,2461,195,255
2017-11-04 03:00:00,2017-11-04 03:00:10,smtp,10.7.133.19,25,10.50.50.31,2461,63935,38397
2017-11-04 03:00:00,2017-11-04 03:00:10,smtp,10.5.71.60,25,10.1.4.17,3007,111,398
2017-11-04 03:00:00,2017-11-04 03:00:10,smtp,10.7.133.16,25,10.50.50.37,3007,61634,58734
2017-11-04 03:00:00,2017-11-04 03:00:20,smtp,10.5.71.60,25,10.1.4.17,5500,121,188
2017-11-04 03:00:00,2017-11-04 03:00:20,smtp,10.7.133.17,25,10.50.50.44,5500,62863,54422
2017-11-04 03:00:10,2017-11-04 03:00:11,ssh,10.7.133.16,22,10.5.71.60,2984,37329,21194
2017-11-04 03:00:10,2017-11-04 03:00:11,ssh,10.7.133.17,22,10.50.50.44,5500,36408,3359
2017-11-04 03:00:11,2017-11-04 03:00:12,ssh,10.7.133.16,22,10.5.71.60,2984,51630,7361
2017-11-04 03:00:11,2017-11-04 03:00:15,ssh,10.7.133.20,22,10.50.50.29,3038,5484,3636
2017-11-04 03:00:11,2017-11-04 03:00:12,ssh,10.7.133.16,22,10.5.71.60,2984,50033,4361
2017-11-04 03:00:12,2017-11-04 03:00:15,ssh,10.7.133.15,22,10.50.50.27,3518,6926,1008
2017-11-04 03:00:12,2017-11-04 03:00:13,ssh,10.7.133.16,22,10.5.71.60,2984,55796,11974
2017-11-04 03:00:12,2017-11-04 03:00:13,ssh,10.7.133.17,22,10.50.50.44,5500,59751,27934
2017-11-04 03:00:13,2017-11-04 03:00:15,ssh,10.7.133.15,22,10.50.50.27,3518,4434,1416
2017-11-04 03:00:13,2017-11-04 03:00:15,ssh,10.7.133.17,22,10.50.50.44,5500,44940,18567
2017-11-04 03:00:14,2017-11-04 03:00:15,ssh,10.7.133.16,22,10.5.71.60,2984,57356,16947
2017-11-04 03:00:14,2017-11-04 03:00:18,ssh,10.7.133.17,22,10.50.50.44,5500,54477,1021
2017-11-04 03:00:15,2017-11-04 03:00:19,ssh,10.7.133.20,22,10.50.50.29,3038,7574,4067
2017-11-04 03:00:15,2017-11-04 03:00:19,ssh,10.7.133.15,22,10.50.50.27,3518,7915,3967
2017-11-04 03:00:16,2017-11-04 03:00:18,ssh,10.7.133.17,22,10.50.50.44,5500,64094,6532
2017-11-04 03:00:16,2017-11-04 03:00:19,ssh,10.7.133.16,22,10.5.71.60,2984,40947,28511
2017-11-04 03:00:19,2017-11-04 03:00:21,ssh,10.7.133.16,22,10.5.71.60,2984,59656,9350
2017-11-04 03:00:20,2017-11-04 03:00:20,ssh,10.7.133.21,22,10.50.50.26,5398,53359,19121
2017-11-04 03:00:20,2017-11-04 03:00:25,ssh,10.7.133.15,22,10.50.50.27,3518,6117,366
2017-11-04 03:00:20,2017-11-04 03:00:25,ssh,10.7.133.18,22,10.50.50.28,3397,5399,1820
2017-11-04 03:00:20,2017-11-04 03:00:24,ssh,10.7.133.18,22,10.50.50.28,3397,7334,674
2017-11-04 03:00:21,2017-11-04 03:00:22,ssh,10.7.133.19,22,10.50.50.31,2461,33718,29543
2017-11-04 03:00:21,2017-11-04 03:00:21,ssh,10.7.133.16,22,10.50.50.46,3321,58589,5444
2017-11-04 03:00:21,2017-11-04 03:00:22,ssh,10.7.133.21,22,10.50.50.26,5398,43865,5081
2017-11-04 03:00:21,2017-11-04 03:00:21,ssh,10.7.133.16,22,10.50.50.37,3007,42482,11943
2017-11-04 03:00:21,2017-11-04 03:00:22,ssh,10.7.133.17,22,10.50.50.44,5500,38510,659
2017-11-04 03:00:21,2017-11-04 03:00:22,ssh,10.7.133.15,22,10.63.120.70,5788,42753,18696
2017-11-04 03:00:22,2017-11-04 03:00:24,ssh,10.7.133.16,22,10.50.50.37,3007,51088,21950
2017-11-04 03:00:22,2017-11-04 03:00:24,ssh,10.7.133.15,22,10.63.120.70,5788,62622,17724
2017-11-04 03:00:22,2017-11-04 03:00:22,ssh,10.7.133.21,22,10.50.50.26,5398,53469,8746
2017-11-04 03:00:22,2017-11-04 03:00:23,ssh,10.7.133.16,22,10.5.71.60,2984,49472,31555
2017-11-04 03:00:22,2017-11-04 03:00:24,ssh,10.7.133.17,22,10.50.50.44,5500,56224,28683
2017-11-04 03:00:23,2017-11-04 03:00:24,ssh,10.7.133.16,22,10.50.50.46,3321,57575,29256
2017-11-04 03:00:23,2017-11-04 03:00:25,ssh,10.7.133.16,22,10.50.50.37,3007,41432,28090
2017-11-04 03:00:23,2017-11-04 03:00:24,ssh,10.7.133.19,22,10.50.50.31,2461,43981,31677
2017-11-04 03:00:24,2017-11-04 03:00:25,ssh,10.7.133.16,22,10.50.50.46,3321,45950,22505
2017-11-04 03:00:24,2017-11-04 03:00:25,ssh,10.7.133.19,22,10.50.50.31,2461,50331,2501
2017-11-04 03:00:24,2017-11-04 03:00:25,ssh,10.7.133.18,22,10.50.50.28,3397,6783,131
2017-11-04 03:00:24,2017-11-04 03:00:28,ssh,10.7.133.16,22,10.5.71.60,2984,56904,23823
2017-11-04 03:00:24,2017-11-04 03:00:26,ssh,10.7.133.15,22,10.63.120.70,5788,40743,2896
2017-11-04 03:00:25,2017-11-04 03:00:26,ssh,10.7.133.21,22,10.50.50.26,5398,47198,28037
2017-11-04 03:00:26,2017-11-04 03:00:29,ssh,10.7.133.17,22,10.50.50.44,5500,46182,31217
2017-11-04 03:00:26,2017-11-04 03:00:30,ssh,10.7.133.16,22,10.50.50.46,3321,43738,29458
2017-11-04 03:00:26,2017-11-04 03:00:29,ssh,10.7.133.17,22,10.50.50.44,5500,50975,1009
2017-11-04 03:00:27,2017-11-04 03:00:27,ssh,10.7.133.18,22,10.50.50.28,3397,7143,2642
2017-11-04 03:00:27,2017-11-04 03:00:27,ssh,10.7.133.17,22,10.50.50.44,5500,47926,30415
2017-11-04 03:00:27,2017-11-04 03:00:27,ssh,10.7.133.19,22,10.50.50.31,2461,44135,15301
2017-11-04 03:00:27,2017-11-04 03:00:28,ssh,10.7.133.15,22,10.63.120.70,5788,64988,22566
2017-11-04 03:00:27,2017-11-04 03:00:28,ssh,10.7.133.16,22,10.5.71.60,2984,64609,25066
2017-11-04 03:00:27,2017-11-04 03:00:27,ssh,10.7.133.21,22,10.50.50.26,5398,43972,1962
2017-11-04 03:00:28,2017-11-04 03:00:30,ssh,10.7.133.17,22,10.50.50.44,5500,47334,19367
2017-11-04 03:00:28,2017-11-04 03:00:30,ssh,10.7.133.16,22,10.50.50.37,3007,41642,9788
2017-11-04 03:00:29,2017-11-04 03:00:30,ssh,10.7.133.17,22,10.50.50.44,5500,49599,6873
2017-11-04 03:00:29,2017-11-04 03:00:32,ssh,10.7.133.16,22,10.50.50.46,3321,50027,11095
2017-11-04 03:00:30,2017-11-04 03:00:31,ssh,10.7.133.19,22,10.50.50.31,2461,47651,29102
2017-11-04 03:00:30,2017-11-04 03:00:32,ssh,10.7.133.16,22,10.50.50.37,3007,34797,17506
2017-11-04 03:00:30,2017-11-04 03:00:30,ssh,10.7.133.21,22,10.50.50.26,5398,56911,7447
2017-11-04 03:00:31,2017-11-04 03:00:34,ssh,10.7.133.16,22,10.50.50.46,3321,43172,28961
2017-11-04 03:00:31,2017-11-04 03:00:36,ssh,10.7.133.16,22,10.50.50.37,3007,45036,6876
2017-11-04 03:00:31,2017-11-04 03:00:34,ssh,10.7.133.16,22,10.5.71.60,2984,44521,25525
2017-11-04 03:00:31,2017-11-04 03:00:31,ssh,10.7.133.15,22,10.63.120.70,5788,38101,11735
2017-11-04 03:00:32,2017-11-04 03:00:34,ssh,10.7.133.21,22,10.50.50.26,5398,57309,10577
2017-11-04 03:00:32,2017-11-04 03:00:36,ssh,10.7.133.16,22,10.50.50.37,3007,64350,30249
2017-11-04 03:00:32,2017-11-04 03:00:36,ssh,10.7.133.16,22,10.50.50.46,3321,62426,15879
2017-11-04 03:00:32,2017-11-04 03:00:35,ssh,10.7.133.16,22,10.50.50.46,3321,62166,31758
2017-11-04 03:00:33,2017-11-04 03:00:34,ssh,10.7.133.16,22,10.50.50.46,3321,37363,6930
2017-11-04 03:00:34,2017-11-04 03:00:39,ssh,10.7.133.15,22,10.63.120.70,5788,53409,25971
2017-11-04 03:00:34,2017-11-04 03:00:38,ssh,10.7.133.21,22,10.50.50.26,5398,44252,17384
2017-11-04 03:00:34,2017-11-04 03:00:36,ssh,10.7.133.16,22,10.50.50.46,3321,61013,6992
2017-11-04 03:00:34,2017-11-04 03:00:37,ssh,10.7.133.15,22,10.63.120.70,5788,41704,28347
2017-11-04 03:00:34,2017-11-04 03:00:36,ssh,10.7.133.17,22,10.50.50.44,5500,55753,12260
2017-11-04 03:00:34,2017-11-04 03:00:36,ssh,10.7.133.19,22,10.50.50.31,2461,54422,8820
2017-11-04 03:00:34,2017-11-04 03:00:38,ssh,10.7.133.15,22,10.63.120.70,5788,64151,17124
2017-11-04 03:00:35,2017-11-04 03:00:35,ssh,10.7.133.16,22,10.50.50.37,3007,37827,18257
2017-11-04 03:00:35,2017-11-04 03:00:40,ssh,10.7.133.19,22,10.50.50.31,2461,53233,28410
2017-11-04 03:00:36,2017-11-04 03:00:38,ssh,10.7.133.16,22,10.5.71.60,2984,40221,16266
2017-11-04 03:00:36,2017-11-04 03:00:36,ssh,10.7.133.17,22,10.50.50.44,5500,48753,30440
2017-11-04 03:00:37,2017-11-04 03:00:38,ssh,10.7.133.15,22,10.63.120.70,5788,63125,474
2017-11-04 03:00:37,2017-11-04 03:00:39,ssh,10.7.133.16,22,10.50.50.46,3321,44832,7547
2017-11-04 03:00:37,2017-11-04 03:00:40,ssh,10.7.133.19,22,10.50.50.31,2461,36559,12836
2017-11-04 03:00:38,2017-11-04 03:00:40,ssh,10.7.133.16,22,10.50.50.46,3321,50279,9551
2017-11-04 03:00:38,2017-11-04 03:00:42,ssh,10.7.133.16,22,10.5.71.60,2984,43349,14569
2017-11-04 03:00:39,2017-11-04 03:00:41,ssh,10.7.133.19,22,10.50.50.31,2461,42873,3764
2017-11-04 03:00:39,2017-11-04 03:00:41,ssh,10.7.133.17,22,10.50.50.44,5500,46642,25336
2017-11-04 03:00:39,2017-11-04 03:00:40,ssh,10.7.133.16,22,10.5.71.60,2984,48906,5233
2017-11-04 03:00:39,2017-11-04 03:00:40,ssh,10.7.133.21,22,10.50.50.26,5398,57841,19532
2017-11-04 03:00:40,2017-11-04 03:00:44,ssh,10.7.133.17,22,10.50.50.44,5500,38955,27970
2017-11-04 03:00:40,2017-11-04 03:00:43,ssh,10.7.133.16,22,10.50.50.37,3007,65265,29913
2017-11-04 03:00:40,2017-11-04 03:00:41,ssh,10.7.133.16,22,10.5.71.60,2984,33120,8268
2017-11-04 03:00:41,2017-11-04 03:00:44,ssh,10.7.133.16,22,10.50.50.46,3321,64341,21231
2017-11-04 03:00:41,2017-11-04 03:00:44,ssh,10.7.133.15,22,10.63.120.70,5788,35461,31229
2017-11-04 03:00:41,2017-11-04 03:00:44,ssh,10.7.133.16,22,10.50.50.37,3007,41957,4231
2017-11-04 03:00:41,2017-11-04 03:00:43,ssh,10.7.133.19,22,10.50.50.31,2461,53793,26856
2017-11-04 03:00:42,2017-11-04 03:00:46,ssh,10.7.133.19,22,10.50.50.31,2461,60540,2648
2017-11-04 03:00:43,2017-11-04 03:00:47,ssh,10.7.133.16,22,10.50.50.46,3321,41776,3764
2017-11-04 03:00:43,2017-11-04 03:00:47,ssh,10.7.133.21,22,10.50.50.26,5398,58810,23670
2017-11-04 03:00:43,2017-11-04 03:00:47,ssh,10.7.133.16,22,10.5.71.60,2984,60709,9757
2017-11-04 03:00:43,2017-11-04 03:00:47,ssh,10.7.133.15,22,10.63.120.70,5788,62323,7138
2017-11-04 03:00:44,2017-11-04 03:00:46,ssh,10.7.133.17,22,10.50.50.44,5500,44903,16461
2017-11-04 03:00:44,2017-11-04 03:00:44,ssh,10.7.133.21,22,10.50.50.26,5398,58240,17834
2017-11-04 03:00:45,2017-11-04 03:00:49,ssh,10.7.133.16,22,10.5.71.60,2984,52486,16592
2017-11-04 03:00:45,2017-11-04 03:00:46,ssh,10.7.133.15,22,10.63.120.70,5788,40432,11013
2017-11-04 03:00:45,2017-11-04 03:00:50,ssh,10.7.133.16,22,10.50.50.37,3007,50287,150
2017-11-04 03:00:46,2017-11-04 03:00:50,ssh,10.7.133.19,22,10.50.50.31,2461,50582,29087
2017-11-04 03:00:46,2017-11-04 03:00:50,ssh,10.7.133.17,22,10.50.50.44,5500,49917,29472
2017-11-04 03:00:46,2017-11-04 03:00:48,ssh,10.7.133.17,22,10.50.50.44,5500,56742,9603
2017-11-04 03:00:46,2017-11-04 03:00:48,ssh,10.7.133.19,22,10.50.50.31,2461,48983,4240
2017-11-04 03:00:46,2017-11-04 03:00:51,ssh,10.7.133.21,22,10.50.50.26,5398,54415,6839
2017-11-04 03:00:46,2017-11-04 03:00:48,ssh,10.7.133.16,22,10.50.50.37,3007,56357,15248
2017-11-04 03:00:46,2017-11-04 03:00:50,ssh,10.7.133.16,22,10.50.50.37,3007,53638,20193
2017-11-04 03:00:47,2017-11-04 03:00:50,ssh,10.7.133.16,22,10.50.50.46,3321,36454,5251
2017-11-04 03:00:47,2017-11-04 03:00:49,ssh,10.7.133.16,22,10.50.50.46,3321,45335,73
2017-11-04 03:00:47,2017-11-04 03:00:51,ssh,10.7.133.19,22,10.50.50.31,2461,54002,4265
2017-11-04 03:00:48,2017-11-04 03:00:53,ssh,10.7.133.19,22,10.50.50.31,2461,61240,21001
2017-11-04 03:00:48,2017-11-04 03:00:48,ssh,10.7.133.16,22,10.5.71.60,2984,47590,6576
2017-11-04 03:00:49,2017-11-04 03:00:53,ssh,10.7.133.16,22,10.50.50.46,3321,42354,22436
2017-11-04 03:00:49,2017-11-04 03:00:51,ssh,10.7.133.15,22,10.63.120.70,5788,47665,10814
2017-11-04 03:00:50,2017-11-04 03:00:52,ssh,10.7.133.16,22,10.50.50.37,3007,57405,14341
2017-11-04 03:00:50,2017-11-04 03:00:50,ssh,10.7.133.19,22,10.50.50.31,2461,34497,4566
2017-11-04 03:00:50,2017-11-04 03:00:51,ssh,10.7.133.21,22,10.50.50.26,5398,58194,2738
2017-11-04 03:00:51,2017-11-04 03:00:55,ssh,10.7.133.16,22,10.50.50.46,3321,49282,1731
2017-11-04 03:00:52,2017-11-04 03:00:54,ssh,10.7.133.15,22,10.63.120.70,5788,38631,16040
2017-11-04 03:00:53,2017-11-04 03:00:53,ssh,10.7.133.16,22,10.50.50.37,3007,64729,29578
2017-11-04 03:00:53,2017-11-04 03:00:53,ssh,10.7.133.15,22,10.63.120.70,5788,37014,2333
2017-11-04 03:00:53,2017-11-04 03:00:58,ssh,10.7.133.21,22,10.50.50.26,5398,37249,30750
2017-11-04 03:00:55,2017-11-04 03:00:59,ssh,10.7.133.15,22,10.63.120.70,5788,43651,2413
2017-11-04 03:00:55,2017-11-04 03:00:57,ssh,10.7.133.19,22,10.50.50.31,2461,54440,32338
2017-11-04 03:00:56,2017-11-04 03:01:01,ssh,10.7.133.21,22,10.50.50.26,5398,59831,15084
2017-11-04 03:00:58,2017-11-04 03:01:02,ssh,10.7.133.19,22,10.50.50.31,2461,63291,31367
2017-11-04 03:00:58,2017-11-04 03:01:00,ssh,10.7.133.19,22,10.50.50.31,2461,62873,7039
2017-11-04 03:00:59,2017-11-04 03:01:03,ssh,10.7.133.15,22,10.63.120.70,5788,36783,15986
2017-11-04 03:00:59,2017-11-04 03:01:04,ssh,10.7.133.15,22,10.63.120.70,5788,46827,23873
2017-11-04 03:01:01,2017-11-04 03:01:02,ssh,10.7.133.21,22,10.50.50.26,5398,43284,11974
2017-11-04 03:01:01,2017-11-04 03:01:01,ssh,10.7.133.15,22,10.63.120.70,5788,57118,6289
2017-11-04 03:01:02,2017-11-04 03:01:06,ssh,10.7.133.21,22,10.50.50.26,5398,59890,28529
2017-11-04 03:01:03,2017-11-04 03:01:04,ssh,10.7.133.15,22,10.63.120.70,5788,52102,19257
2017-11-04 03:01:06,2017-11-04 03:01:09,ssh,10.7.133.21,22,10.50.50.26,5398,41048,25705
2017-11-04 03:01:06,2017-11-04 03:01:07,ssh,10.7.133.15,22,10.63.120.70,5788,40439,21458
2017-11-04 03:01:11,2017-11-04 03:01:16,ssh,10.7.133.15,22,10.63.120.70,5788,47125,18252
2017-11-04 03:01:11,2017-11-04 03:01:12,ssh,10.7.133.21,22,10.50.50.26,5398,54578,20708
2017-11-04 03:01:13,2017-11-04 03:01:18,ssh,10.7.133.15,22,10.63.120.70,5788,60747,20329
2017-11-04 03:01:14,2017-11-04 03:01:14,ssh,10.7.133.21,22,10.50.50.26,5398,55776,3972
2017-11-04 03:01:19,2017-11-04 03:01:21,ssh,10.7.133.21,22,10.50.50.26,5398,65368,26375
2017-11-04 04:00:00,2017-11-04 04:12:29,smtp,10.5.71.60,25,10.1.4.17,49174,133,315
2017-11-04 04:00:00,2017-11-04 04:11:10,smtp,10.5.71.60,25,10.1.4.17,49185,199,183
2017-11-04 04:00:00,2017-11-04 04:19:03,smtp,10.5.71.60,25,10.1.4.17,49216,163,330
2017-11-04 04:00:00,2017-11-04 04:14:02,smtp,10.5.71.60,25,10.1.4.17,49242,110,341
2017-11-04 04:00:00,2017-11-04 04:11:36,smtp,10.5.71.60,25,10.1.4.17,49175,159,305
2017-11-04 04:00:00,2017-11-04 04:17:05,smtp,10.5.71.60,25,10.1.4.17,49229,194,141
2017-11-04 04:00:00,2017-11-04 04:13:41,smtp,10.5.71.60,25,10.1.4.17,49214,176,190
2017-11-04 04:00:00,2017-11-04 04:14:16,smtp,10.5.71.60,25,10.1.4.17,49187,171,362
2017-11-04 04:00:00,2017-11-04 04:19:14,smtp,10.5.71.60,25,10.1.4.17,49189,190,368
2017-11-04 04:00:00,2017-11-04 04:19:51,smtp,10.5.71.60,25,10.1.4.17,49201,173,273
2017-11-04 08:22:50,2017-11-04 08:23:00,ftp,10.50.50.26,21,10.64.106.51,2273,3160,1471
2017-11-04 08:31:26,2017-11-04 08:31:36,mysql,10.50.50.26,4443,10.64.106.17,1655,3933,102
2017-11-04 08:51:44,2017-11-04 08:51:54,ssh,10.50.50.28,22,10.64.106.17,1655,2402,3539
2017-11-04 08:51:44,2017-11-04 08:51:54,ssh,10.50.50.28,22,10.64.106.17,1655,60006228,1219
2017-11-04 08:51:54,2017-11-04 08:52:04,ssh,219.216.128.25,22,10.50.50.28,5166,40007844,6791
2017-11-04 08:52:04,2017-11-04 08:52:14,ssh,10.50.50.28,22,10.64.106.17,1655,8620,30004336
2017-11-04 08:52:25,2017-11-04 08:52:35,ssh,10.50.50.29,22,10.64.105.34,1876,1878,8159
2017-11-04 08:52:25,2017-11-04 08:52:35,ssh,219.216.128.25,22,10.50.50.29,5914,140000005,8456
2017-11-04 08:52:35,2017-11-04 08:52:45,ssh,219.216.128.25,22,10.50.50.29,5474,8317,80006029
2017-11-04 08:52:45,2017-11-04 08:52:55,ssh,10.50.50.29,22,10.64.105.34,1876,180001368,6957
2017-11-04 08:52:55,2017-11-04 08:53:05,ssh,69.171.233.24,22,10.50.50.29,5256,1995,160006449
2017-11-04 08:53:56,2017-11-04 08:54:06,ssh,10.50.50.29,22,10.64.106.51,2273,4107,8044
2017-11-04 09:25:44,2017-11-04 09:25:54,mysql,10.50.50.48,4443,10.64.105.34,1876,206,1857
2017-11-04 09:25:44,2017-11-04 09:25:54,ssh,202.141.176.110,22,10.50.50.48,5367,4619,60000121
2017-11-04 09:25:54,2017-11-04 09:26:04,mysql,10.50.50.48,4443,10.64.105.34,1876,7338,90005214
2017-11-04 09:29:26,2017-11-04 09:29:36,mongodb,10.7.133.16,8005,10.64.106.51,2273,3246,7637
2017-11-04 09:29:26,2017-11-04 09:29:36,ssh,219.216.128.25,22,10.7.133.16,5776,40004891,4518
2017-11-04 09:30:02,2017-11-04 09:30:12,tds,10.50.50.26,54238,10.64.106.17,1655,919,135
2017-11-04 09:50:35,2017-11-04 09:50:45,ssh,10.50.50.44,22,10.64.105.4,49200,2662,116
2017-11-04 09:55:55,2017-11-04 09:56:05,ssh,112.124.39.54,22,10.50.50.29,5678,3618,80004380
2017-11-04 09:55:55,2017-11-04 09:56:05,ssh,10.50.50.29,22,10.64.106.17,1655,522,479
2017-11-04 09:56:05,2017-11-04 09:56:15,ssh,10.50.50.29,22,10.64.106.17,1655,150004920,7812
2017-11-04 09:56:15,2017-11-04 09:56:25,ssh,10.50.50.29,22,10.64.106.17,1655,4702,90001231
2017-11-04 09:56:24,2017-11-04 09:56:34,mongodb,10.50.50.48,8005,10.64.105.34,1876,582,6985
2017-11-04 09:59:32,2017-11-04 09:59:42,sftp,10.50.50.29,22,10.64.106.51,2273,4055,3205
2017-11-04 10:18:56,2017-11-04 10:19:52,http,10.50.50.48,80,10.64.105.34,1885,259,618424
2017-11-04 10:19:34,2017-11-04 10:19:51,http,10.50.50.48,80,10.64.105.34,1910,41480,2985148
2017-11-04 10:26:37,2017-11-04 10:45:01,smtp,10.5.71.60,25,10.64.106.17,1679,163,112
2017-11-04 10:34:42,2017-11-04 10:47:00,smtp,10.5.71.60,25,10.116.216.73,2284,152,257
2017-11-04 10:42:47,2017-11-04 10:56:16,smtp,10.5.71.60,25,10.116.216.71,1661,180,340
2017-11-04 11:00:40,2017-11-04 11:00:50,ssh,10.50.50.44,22,10.64.105.4,49200,3635,116
2017-11-04 11:05:31,2017-11-04 11:05:41,ssh,10.50.50.44,22,10.64.105.4,49200,4790,155
2017-11-04 11:07:24,2017-11-04 11:17:37,smtp,10.5.71.60,25,10.116.216.71,2295,111,187
2017-11-04 11:08:25,2017-11-04 11:08:27,http,10.7.133.15,80,10.64.106.51,2387,4099,4186359
2017-11-04 11:08:28,2017-11-04 11:08:38,postgresql,10.50.50.28,5432,10.64.106.17,1655,1076,6681
2017-11-04 11:08:28,2017-11-04 11:08:38,ssh,54.165.59.50,22,10.50.50.28,5773,140006646,2082
2017-11-04 11:08:38,2017-11-04 11:08:48,ssh,219.216.128.25,22,10.50.50.28,5449,140004110,3498
2017-11-04 11:08:48,2017-11-04 11:08:58,postgresql,10.50.50.28,5432,10.64.106.17,1655,792,180007115
2017-11-04 11:08:58,2017-11-04 11:09:08,ssh,140.211.11.105,22,10.50.50.28,5934,40008060,552
2017-11-04 11:09:01,2017-11-04 11:09:15,http,10.7.133.15,80,10.64.106.51,2413,16732,221931
2017-11-04 11:09:33,2017-11-04 11:09:41,http,10.7.133.15,80,10.64.106.51,2444,2338,797307
2017-11-04 11:09:56,2017-11-04 11:10:34,http,10.7.133.15,80,10.64.106.51,2425,5529,2265811
2017-11-04 11:11:17,2017-11-04 11:11:41,http,115.231.74.62,443,10.64.105.34,1932,83,5173849
2017-11-04 11:11:17,2017-11-04 11:12:11,http,115.231.74.62,443,10.64.105.34,1953,6256,73886
2017-11-04 11:11:24,2017-11-04 11:12:09,http,115.231.74.62,443,10.64.105.34,1936,4979,420361
2017-11-04 11:11:29,2017-11-04 11:11:55,http,115.231.74.62,443,10.64.105.34,1962,42754,6023748
2017-11-04 11:11:45,2017-11-04 11:12:22,http,115.231.74.62,443,10.64.105.34,1979,13249,7474812
2017-11-04 11:12:26,2017-11-04 11:12:36,ssh,219.216.128.25,22,10.7.133.18,5229,4533,160007938
2017-11-04 11:12:26,2017-11-04 11:12:36,tds,10.7.133.18,54238,10.64.106.17,1655,385,7160
2017-11-04 11:12:33,2017-11-04 11:13:06,http,115.231.74.62,443,10.64.105.34,2037,52426,2591480
2017-11-04 11:12:36,2017-11-04 11:12:46,tds,10.7.133.18,54238,10.64.106.17,1655,2505,90009386
2017-11-04 11:12:46,2017-11-04 11:12:56,tds,10.7.133.18,54238,10.64.106.17,1655,8743,30009947
2017-11-04 11:13:02,2017-11-04 11:13:12,ssh,219.216.128.25,22,10.7.133.16,5711,40004601,7560
2017-11-04 11:13:02,2017-11-04 11:13:12,ftp,10.7.133.16,21,10.64.106.51,2273,1500,4737
2017-11-04 11:13:12,2017-11-04 11:13:22,ftp,10.7.133.16,21,10.64.106.51,2273,9561,90006891
2017-11-04 11:13:22,2017-11-04 11:13:32,ftp,10.7.133.16,21,10.64.106.51,2273,7285,210009631
2017-11-04 11:13:32,2017-11-04 11:13:42,ssh,220.181.112.244,22,10.7.133.16,5940,160008540,1935
2017-11-04 11:14:27,2017-11-04 11:14:39,http,115.231.74.62,443,10.64.105.34,1978,641,269566
2017-11-04 11:14:38,2017-11-04 11:15:20,http,115.231.74.62,443,10.64.105.34,2009,24055,549032
2017-11-04 11:15:11,2017-11-04 11:25:14,smtp,10.5.71.60,25,10.116.216.71,2290,136,169
2017-11-04 11:16:49,2017-11-04 11:16:51,http,115.231.74.62,443,10.64.105.34,2018,16488,56189
2017-11-04 11:22:24,2017-11-04 11:22:34,ssh,112.124.39.54,22,10.50.50.26,5270,5319,20008904
2017-11-04 11:22:34,2017-11-04 11:22:44,mongodb,10.50.50.26,8005,10.64.105.34,1922,30009104,406
2017-11-04 11:22:44,2017-11-04 11:22:54,mongodb,10.50.50.26,8005,10.64.105.34,1922,150007155,5729
2017-11-04 11:22:54,2017-11-04 11:23:04,mongodb,10.50.50.26,8005,10.64.105.34,1922,120002894,7919
2017-11-04 11:23:54,2017-11-04 11:24:04,mongodb,10.50.50.26,8005,10.64.105.34,1922,6807,120005116
2017-11-04 11:25:40,2017-11-04 11:25:50,ftp,10.7.133.16,21,10.64.106.51,2273,9258,120003020
2017-11-04 11:25:50,2017-11-04 11:26:00,ssh,219.216.128.25,22,10.7.133.16,5523,160002299,6401
2017-11-04 11:26:07,2017-11-04 11:26:31,http,221.5.43.43,8080,10.64.106.51,2309,21,1680463
2017-11-04 11:26:11,2017-11-04 11:26:12,http,221.5.43.43,8080,10.64.106.51,2311,39373,13049
2017-11-04 11:26:34,2017-11-04 11:42:52,smtp,10.5.71.60,25,10.116.216.71,1668,175,344
2017-11-04 11:26:58,2017-11-04 11:27:21,http,10.50.50.29,443,10.64.106.17,1837,329,3069
2017-11-04 11:27:06,2017-11-04 11:28:02,http,10.50.50.29,443,10.64.106.17,1842,1344,2071291
2017-11-04 11:27:06,2017-11-04 11:27:20,http,10.50.50.29,443,10.64.106.17,1873,89069,1701483
2017-11-04 11:27:17,2017-11-04 11:27:43,http,10.50.50.29,443,10.64.106.17,1902,2399,964049
2017-11-04 11:27:20,2017-11-04 11:28:15,http,10.50.50.29,443,10.64.106.17,1911,43161,3649944
2017-11-04 11:27:46,2017-11-04 11:28:37,http,10.50.50.29,443,10.64.106.17,1885,894,735996
2017-11-04 11:27:55,2017-11-04 11:28:21,http,10.50.50.29,443,10.64.106.17,1900,29,842622
2017-11-04 11:29:37,2017-11-04 11:30:15,http,10.50.50.29,443,10.64.106.17,1922,19199,1313961
2017-11-04 11:29:51,2017-11-04 11:30:04,http,10.50.50.29,443,10.64.106.17,1950,5546,2830378
2017-11-04 11:30:12,2017-11-04 11:30:22,ftp,10.50.50.48,21,10.64.105.34,1922,120000863,2482
2017-11-04 11:30:19,2017-11-04 11:30:29,ssh,10.50.50.44,22,10.64.105.4,49200,4887,155
2017-11-04 11:30:22,2017-11-04 11:30:32,ssh,219.216.128.25,22,10.50.50.48,5357,8073,60008849
2017-11-04 11:30:37,2017-11-04 11:30:47,tds,10.50.50.26,54238,10.64.106.51,2273,2224,3484
2017-11-04 11:30:37,2017-11-04 11:30:47,tds,10.50.50.26,54238,10.64.106.51,2273,210003936,4317
2017-11-04 11:30:50,2017-11-04 11:31:14,http,10.50.50.29,443,10.64.106.17,1909,8691,1017930
2017-11-04 11:32:08,2017-11-04 11:32:30,http,114.80.130.60,443,10.64.106.17,1665,1508,625587
2017-11-04 11:32:23,2017-11-04 11:32:39,http,114.80.130.60,443,10.64.106.17,1708,15429,2605675
2017-11-04 11:32:27,2017-11-04 11:32:32,http,114.80.130.60,443,10.64.106.17,1681,37571,63295
2017-11-04 11:33:43,2017-11-04 11:34:13,http,114.80.130.60,443,10.64.106.17,1739,8289,6523300
2017-11-04 11:33:47,2017-11-04 11:34:46,http,10.7.133.18,80,10.64.106.17,1966,621,350933
2017-11-04 11:33:54,2017-11-04 11:34:34,http,114.80.130.60,443,10.64.106.17,1685,481,1073614
2017-11-04 11:34:59,2017-11-04 11:35:33,http,114.80.130.60,443,10.64.106.17,1735,1398,1460184
2017-11-04 11:37:16,2017-11-04 11:37:54,http,114.80.130.60,443,10.64.106.17,1745,49264,442272
2017-11-04 11:44:17,2017-11-04 11:44:27,mongodb,10.50.50.28,8005,10.64.105.34,1922,4401,2456
2017-11-04 11:44:17,2017-11-04 11:44:27,mongodb,10.50.50.28,8005,10.64.105.34,1922,210002042,692
2017-11-04 11:44:27,2017-11-04 11:44:37,mongodb,10.50.50.28,8005,10.64.105.34,1922,150008045,3680
2017-11-04 11:44:37,2017-11-04 11:44:47,ssh,128.195.135.4,22,10.50.50.28,5656,40007440,1871
2017-11-04 11:46:53,2017-11-04 11:47:03,mongodb,10.50.50.48,8005,10.64.105.34,1922,2285,6086
2017-11-04 11:46:53,2017-11-04 11:47:03,mongodb,10.50.50.48,8005,10.64.105.34,1922,210002247,801
2017-11-04 11:47:38,2017-11-04 12:07:38,smtp,10.5.71.60,25,10.64.105.34,1925,150,262
2017-11-04 11:52:53,2017-11-04 11:53:03,ssh,10.50.50.44,22,10.64.105.4,49200,3971,111
2017-11-04 11:53:19,2017-11-04 12:07:14,smtp,10.5.71.60,25,10.116.216.71,2279,143,208
2017-11-04 11:58:01,2017-11-04 11:58:24,http,10.7.133.15,80,10.64.106.51,2363,26706,2955782
2017-11-04 12:03:10,2017-11-04 12:03:20,ssh,10.50.50.26,22,10.64.106.17,1655,2036,5093
2017-11-04 12:03:10,2017-11-04 12:03:20,ssh,10.50.50.26,22,10.64.106.17,1655,210005926,5034
2017-11-04 12:03:35,2017-11-04 12:03:45,sftp,10.7.133.16,22,10.64.106.51,2273,4795,7498
2017-11-04 12:03:35,2017-11-04 12:03:45,sftp,10.7.133.16,22,10.64.106.51,2273,3473,60002356
2017-11-04 12:03:55,2017-11-04 12:04:05,ssh,50.232.28.10,22,10.50.50.28,5578,80003336,600
2017-11-04 12:03:55,2017-11-04 12:04:05,mysql,10.50.50.28,4443,10.64.106.17,1655,2184,5633
2017-11-04 12:04:41,2017-11-04 12:05:38,http,10.63.120.70,443,10.64.105.34,2090,13504,396688
2017-11-04 12:04:42,2017-11-04 12:05:19,http,10.63.120.70,443,10.64.105.34,2100,15154,2958
2017-11-04 12:04:42,2017-11-04 12:05:25,http,10.63.120.70,443,10.64.105.34,2102,8006,113868
2017-11-04 12:04:59,2017-11-04 12:05:49,http,10.63.120.70,443,10.64.105.34,2123,2044,139
2017-11-04 12:06:06,2017-11-04 12:06:36,http,10.63.120.70,443,10.64.105.34,2104,4913,5380025
2017-11-04 12:07:40,2017-11-04 12:08:24,http,10.63.120.70,443,10.64.105.34,2129,15511,168164
2017-11-04 12:07:44,2017-11-04 12:07:54,sftp,10.50.50.26,22,10.64.105.34,1922,1288,9052
2017-11-04 12:08:10,2017-11-04 12:08:45,http,10.63.120.70,443,10.64.105.34,2119,1502,5941
2017-11-04 12:10:25,2017-11-04 12:26:58,smtp,10.5.71.60,25,10.116.216.71,1923,164,324
2017-11-04 12:14:39,2017-11-04 12:14:49,mysql,10.50.50.26,4443,10.64.105.34,1922,4010,6273
2017-11-04 12:14:39,2017-11-04 12:14:49,ssh,219.216.128.25,22,10.50.50.26,5295,3763,140002417
2017-11-04 12:14:44,2017-11-04 12:15:39,http,114.80.130.60,443,10.64.106.17,1795,3398,509675
2017-11-04 12:14:49,2017-11-04 12:15:46,http,114.80.130.60,443,10.64.106.17,1807,2645,196514
2017-11-04 12:14:54,2017-11-04 12:15:04,http,114.80.130.60,443,10.64.106.17,1818,13350,1281639
2017-11-04 12:15:25,2017-11-04 12:15:29,http,114.80.130.60,443,10.64.106.17,1809,73294,550348
2017-11-04 12:17:47,2017-11-04 12:17:52,http,114.80.130.60,443,10.64.106.17,1826,21702,68967
2017-11-04 12:20:24,2017-11-04 12:20:34,ssh,10.50.50.44,22,10.64.105.4,49200,4024,128
2017-11-04 12:22:14,2017-11-04 12:22:23,http,10.7.133.18,80,10.64.106.17,1782,9145,4
2017-11-04 12:29:41,2017-11-04 12:29:51,ssh,10.50.50.44,22,10.64.105.4,49200,2835,198
2017-11-04 12:31:04,2017-11-04 12:31:49,http,169.45.222.26,443,10.64.106.51,2473,22668,20765
2017-11-04 12:31:06,2017-11-04 12:31:15,http,169.45.222.26,443,10.64.106.51,2477,884,6922267
2017-11-04 12:31:32,2017-11-04 12:31:40,http,169.45.222.26,443,10.64.106.51,2543,2901,73947
2017-11-04 12:31:49,2017-11-04 12:32:39,http,169.45.222.26,443,10.64.106.51,2554,20798,270551
2017-11-04 12:32:28,2017-11-04 12:33:25,http,169.45.222.26,443,10.64.106.51,2490,224,1325226
2017-11-04 12:33:31,2017-11-04 12:34:24,http,169.45.222.26,443,10.64.106.51,2496,168,1789633
2017-11-04 12:33:44,2017-11-04 12:34:08,http,169.45.222.26,443,10.64.106.51,2513,13466,22870
2017-11-04 12:34:15,2017-11-04 12:34:49,http,169.45.222.26,443,10.64.106.51,2556,3621,135217
2017-11-04 12:36:26,2017-11-04 12:37:22,http,10.50.50.29,443,10.64.105.34,2147,44103,19514
2017-11-04 12:36:53,2017-11-04 12:37:22,http,10.50.50.29,443,10.64.105.34,2150,13358,1776452
2017-11-04 12:41:38,2017-11-04 12:41:48,ssh,10.50.50.44,22,10.64.105.4,49200,2485,140
2017-11-04 12:44:08,2017-11-04 12:44:54,http,10.50.50.28,443,10.64.106.17,1974,5614,212541
2017-11-04 12:44:42,2017-11-04 12:45:10,http,10.50.50.28,443,10.64.106.17,1996,32901,6394487
2017-11-04 12:44:57,2017-11-04 12:45:08,http,10.50.50.28,443,10.64.106.17,1988,1561,848950
2017-11-04 12:46:59,2017-11-04 12:47:30,http,10.50.50.28,443,10.64.106.17,2006,3893,505577
2017-11-04 13:02:42,2017-11-04 13:02:52,ssh,10.50.50.44,22,10.64.105.4,49200,4780,107
2017-11-04 13:03:50,2017-11-04 13:04:45,http,10.50.50.26,443,10.64.105.34,2185,14187,797095
2017-11-04 13:04:08,2017-11-04 13:04:44,http,10.50.50.26,443,10.64.105.34,2203,25615,52993
2017-11-04 13:05:43,2017-11-04 13:06:15,http,10.50.50.26,443,10.64.105.34,2208,86977,1144740
2017-11-04 13:05:54,2017-11-04 13:06:32,http,10.50.50.26,443,10.64.105.34,2213,69202,4454220
2017-11-04 13:06:05,2017-11-04 13:06:23,http,10.50.50.26,443,10.64.105.34,2221,10799,1174772
2017-11-04 13:06:27,2017-11-04 13:06:58,http,10.50.50.26,443,10.64.105.34,2255,33245,183098
2017-11-04 13:08:03,2017-11-04 13:08:45,http,10.50.50.28,443,10.64.106.51,2578,13615,114937
2017-11-04 13:11:53,2017-11-04 13:11:55,http,10.5.71.60,443,10.64.106.17,2028,134,1279857
2017-11-04 13:12:25,2017-11-04 13:12:26,http,10.5.71.60,443,10.64.106.17,2055,26988,2668168
2017-11-04 13:13:05,2017-11-04 13:13:37,http,10.5.71.60,443,10.64.106.17,2080,45481,649
2017-11-04 13:13:29,2017-11-04 13:13:53,http,10.5.71.60,443,10.64.106.17,2151,30539,248297
2017-11-04 13:14:35,2017-11-04 13:15:14,http,10.5.71.60,443,10.64.106.17,2120,38250,749442
2017-11-04 13:15:36,2017-11-04 13:16:08,http,10.5.71.60,443,10.64.106.17,2159,2947,6719763
2017-11-04 13:35:49,2017-11-04 13:36:25,http,10.5.71.60,443,10.64.105.34,4613,19813,3202940
2017-11-04 13:36:05,2017-11-04 13:36:20,http,10.5.71.60,443,10.64.105.34,4624,3906,4489455
2017-11-04 13:36:25,2017-11-04 13:37:06,http,10.5.71.60,443,10.64.105.34,4647,979,128349
2017-11-04 13:36:50,2017-11-04 13:37:05,http,10.5.71.60,443,10.64.105.34,4665,47559,7092001
2017-11-04 13:39:28,2017-11-04 13:40:26,http,10.5.71.60,443,10.64.105.34,4688,103,418397
2017-11-04 13:52:59,2017-11-04 13:53:11,http,10.5.71.60,443,10.64.105.34,5010,1603,1953169
2017-11-04 13:53:23,2017-11-04 13:53:40,http,10.5.71.60,443,10.64.105.34,5028,1763,5700
2017-11-04 13:54:02,2017-11-04 13:54:24,http,10.5.71.60,443,10.64.105.34,5091,1480,2560
2017-11-04 13:54:05,2017-11-04 13:54:15,ssh,10.50.50.26,22,10.64.106.17,2182,584,3750
2017-11-04 13:54:15,2017-11-04 13:55:11,http,10.5.71.60,443,10.64.105.34,5057,27774,5474915
2017-11-04 13:55:00,2017-11-04 13:55:53,http,10.5.71.60,443,10.64.105.34,5061,8724,978559
2017-11-04 13:55:36,2017-11-04 13:56:33,http,10.5.71.60,443,10.64.105.34,5072,11370,44434
2017-11-04 13:57:29,2017-11-04 13:57:33,http,10.5.71.60,443,10.64.105.34,5075,1378,2070277
2017-11-04 13:57:41,2017-11-04 13:57:53,http,10.5.71.60,443,10.64.105.34,5078,43229,1345861
2017-11-04 13:58:16,2017-11-04 14:13:35,smtp,10.5.71.60,25,10.64.106.17,2196,158,125
2017-11-04 14:01:53,2017-11-04 14:02:03,mysql,10.50.50.28,4443,10.64.106.17,2182,4900,30007315
2017-11-04 14:02:03,2017-11-04 14:02:13,ssh,202.141.176.110,22,10.50.50.28,5609,20000919,5587
2017-11-04 14:07:15,2017-11-04 14:19:12,smtp,10.5.71.60,25,115.213.99.80,58923,184,140
2017-11-04 14:10:07,2017-11-04 14:10:59,http,10.63.120.70,443,10.64.106.51,3385,3185,422303
2017-11-04 14:10:15,2017-11-04 14:10:25,http,10.63.120.70,443,10.64.106.51,3407,49320,4672659
2017-11-04 14:12:45,2017-11-04 14:13:34,http,10.50.50.29,443,10.64.106.17,2798,6087,1325642
2017-11-04 14:13:02,2017-11-04 14:13:13,http,10.50.50.29,443,10.64.106.17,2799,17695,2785823
2017-11-04 14:13:38,2017-11-04 14:14:34,http,10.50.50.29,443,10.64.106.17,2817,17915,1365897
2017-11-04 14:17:59,2017-11-04 14:37:12,smtp,10.5.71.60,25,10.116.216.71,2618,169,235
2017-11-04 14:19:04,2017-11-04 14:19:14,postgresql,10.50.50.26,5432,10.64.105.34,2261,4901,3376
2017-11-04 14:19:04,2017-11-04 14:19:14,ssh,219.216.128.25,22,10.50.50.26,5709,60002299,8647
2017-11-04 14:19:14,2017-11-04 14:19:24,ssh,219.216.128.25,22,10.50.50.26,5517,60004328,8751
2017-11-04 14:20:54,2017-11-04 14:21:04,ssh,151.101.228.223,22,10.50.50.28,5490,80006998,9769
2017-11-04 14:20:54,2017-11-04 14:21:04,postgresql,10.50.50.28,5432,10.64.105.34,2261,343,271
2017-11-04 14:21:04,2017-11-04 14:21:14,postgresql,10.50.50.28,5432,10.64.105.34,2261,150000671,4312
2017-11-04 14:21:14,2017-11-04 14:21:24,postgresql,10.50.50.28,5432,10.64.105.34,2261,90001522,1740
2017-11-04 14:23:02,2017-11-04 14:23:19,http,10.50.50.48,80,10.64.105.34,3800,2507,688373
2017-11-04 14:23:08,2017-11-04 14:23:32,http,10.50.50.48,80,10.64.105.34,3812,242,432119
2017-11-04 14:23:11,2017-11-04 14:23:40,http,10.50.50.48,80,10.64.105.34,3878,685,56299
2017-11-04 14:23:26,2017-11-04 14:23:34,http,10.50.50.48,80,10.64.105.34,3814,1176,6795085
2017-11-04 14:23:51,2017-11-04 14:24:24,http,10.50.50.48,80,10.64.105.34,3910,53715,3523512
2017-11-04 14:24:53,2017-11-04 14:25:10,http,10.50.50.48,80,10.64.105.34,3828,88,569681
2017-11-04 14:25:36,2017-11-04 14:26:22,http,10.50.50.48,80,10.64.105.34,3885,35738,232969
2017-11-04 14:26:50,2017-11-04 14:27:25,http,10.50.50.48,80,10.64.105.34,3830,28638,7613163
2017-11-04 14:37:58,2017-11-04 14:38:30,http,10.50.50.48,80,10.64.105.34,4369,15984,6847907
2017-11-04 14:38:18,2017-11-04 14:38:28,postgresql,10.7.133.18,5432,10.64.106.17,2182,2726,974
2017-11-04 14:38:18,2017-11-04 14:38:28,postgresql,10.7.133.18,5432,10.64.106.17,2182,3552,180008233
2017-11-04 14:38:25,2017-11-04 14:38:58,http,10.50.50.48,80,10.64.105.34,4503,764,457869
2017-11-04 14:38:28,2017-11-04 14:38:38,postgresql,10.7.133.18,5432,10.64.106.17,2182,210000325,3392
2017-11-04 14:38:35,2017-11-04 14:39:26,http,10.50.50.48,80,10.64.105.34,4406,22499,744591
2017-11-04 14:38:38,2017-11-04 14:38:48,postgresql,10.7.133.18,5432,10.64.106.17,2182,90006015,8026
2017-11-04 14:38:45,2017-11-04 14:39:21,http,10.50.50.48,80,10.64.105.34,4404,9608,233102
2017-11-04 14:38:48,2017-11-04 14:38:58,postgresql,10.7.133.18,5432,10.64.106.17,2182,120005237,1766
2017-11-04 14:38:56,2017-11-04 14:39:54,http,140.205.62.20,80,10.64.105.34,4983,38779,513361
2017-11-04 14:38:57,2017-11-04 14:39:18,http,10.7.133.15,80,10.64.106.51,3186,19662,124234
2017-11-04 14:39:11,2017-11-04 14:39:12,http,10.7.133.15,80,10.64.106.51,3207,7589,3113238
2017-11-04 14:39:45,2017-11-04 14:39:50,http,10.7.133.15,80,10.64.106.51,3187,130,34016
2017-11-04 14:39:48,2017-11-04 14:40:04,http,10.7.133.15,80,10.64.106.51,3234,246,205740
2017-11-04 14:40:27,2017-11-04 14:41:06,http,10.50.50.48,80,10.64.105.34,4454,68,1760915
2017-11-04 14:40:41,2017-11-04 14:40:51,postgresql,10.50.50.28,5432,10.64.106.17,2182,240003301,5958
2017-11-04 14:40:41,2017-11-04 14:40:51,postgresql,10.50.50.28,5432,10.64.106.17,2182,2081,9315
2017-11-04 14:40:46,2017-11-04 14:41:40,http,10.50.50.48,80,10.64.105.34,4444,1096,1279587
2017-11-04 14:40:51,2017-11-04 14:41:01,postgresql,10.50.50.28,5432,10.64.106.17,2182,30004005,1425
2017-11-04 14:41:01,2017-11-04 14:41:11,ssh,219.216.128.25,22,10.50.50.28,5586,7165,140007834
2017-11-04 14:41:11,2017-11-04 14:41:21,postgresql,10.50.50.28,5432,10.64.106.17,2182,9585,180009007
2017-11-04 14:42:13,2017-11-04 14:42:22,http,10.50.50.48,80,10.64.105.34,4496,21337,1039631
2017-11-04 14:42:13,2017-11-04 14:42:14,http,10.50.50.48,80,10.64.105.34,4495,12735,41032
2017-11-04 14:42:33,2017-11-04 14:43:18,http,10.50.50.48,80,10.64.105.34,4499,2629,3507187
2017-11-04 14:45:52,2017-11-04 14:46:34,http,10.50.50.29,443,10.64.106.17,2353,1244,5870134
2017-11-04 14:46:07,2017-11-04 14:46:37,http,10.50.50.29,443,10.64.106.17,2395,240,2536822
2017-11-04 14:46:31,2017-11-04 14:47:09,http,10.50.50.29,443,10.64.106.17,2364,1481,1621499
2017-11-04 14:46:48,2017-11-04 14:47:41,http,10.50.50.29,443,10.64.106.17,2361,239,2718263
2017-11-04 14:46:49,2017-11-04 14:46:59,postgresql,10.50.50.26,5432,10.64.105.34,2261,150002566,8748
2017-11-04 14:46:59,2017-11-04 14:47:09,ssh,219.216.128.25,22,10.50.50.26,5066,80005167,7062
2017-11-04 14:47:09,2017-11-04 14:47:19,postgresql,10.50.50.26,5432,10.64.105.34,2261,3123,120008660
2017-11-04 14:47:10,2017-11-04 14:47:20,mongodb,10.7.133.16,8005,10.64.106.51,2611,4344,8557
2017-11-04 14:47:10,2017-11-04 14:47:20,ssh,137.254.60.6,22,10.7.133.16,5193,100008934,4805
2017-11-04 14:47:19,2017-11-04 14:47:29,ssh,219.216.128.25,22,10.50.50.26,5845,8813,140006400
2017-11-04 14:47:20,2017-11-04 14:47:30,mongodb,10.7.133.16,8005,10.64.106.51,2611,1209,30006009
2017-11-04 14:47:35,2017-11-04 14:47:35,http,10.50.50.29,443,10.64.106.17,2433,26442,3665
2017-11-04 14:48:38,2017-11-04 14:49:29,http,10.50.50.29,443,10.64.106.17,2419,7,893665
2017-11-04 14:48:43,2017-11-04 14:49:42,http,10.50.50.29,443,10.64.106.17,2422,11767,2429953
2017-11-04 14:48:52,2017-11-04 14:49:17,http,10.5.71.60,443,10.64.106.17,2484,1688,2577547
2017-11-04 14:48:57,2017-11-04 14:49:16,http,10.5.71.60,443,10.64.106.17,2485,34651,619793
2017-11-04 14:49:37,2017-11-04 14:50:01,http,10.50.50.29,443,10.64.106.17,2455,17616,19948
2017-11-04 14:50:11,2017-11-04 14:50:19,http,10.5.71.60,443,10.64.106.17,2611,60735,609541
2017-11-04 14:50:38,2017-11-04 14:51:03,http,10.5.71.60,443,10.64.106.17,2516,13285,1031279
2017-11-04 14:50:54,2017-11-04 14:50:55,http,10.5.71.60,443,10.64.106.17,2529,49643,6762955
2017-11-04 14:51:38,2017-11-04 14:52:36,http,10.5.71.60,443,10.64.106.17,2606,12591,558511
2017-11-04 14:51:39,2017-11-04 14:51:54,http,10.5.71.60,443,10.64.106.17,2522,44579,325342
2017-11-04 14:51:50,2017-11-04 14:51:56,http,10.5.71.60,443,10.64.106.17,2520,14049,1168261
2017-11-04 14:52:59,2017-11-04 14:53:12,http,10.5.71.60,443,10.64.106.17,2572,59843,4084301
2017-11-04 14:54:38,2017-11-04 14:55:17,http,10.5.71.60,443,10.64.106.17,2579,20930,650721
2017-11-04 14:56:28,2017-11-04 14:56:38,ssh,10.50.50.44,22,10.64.105.4,49200,50,121
2017-11-04 14:56:42,2017-11-04 14:56:52,ssh,10.50.50.44,22,10.64.105.4,49200,3525,121
2017-11-04 14:58:48,2017-11-04 14:59:02,http,10.5.71.60,443,10.64.105.34,4773,102,2657
2017-11-04 14:58:54,2017-11-04 14:59:20,http,10.5.71.60,443,10.64.105.34,3603,1438,2632990
2017-11-04 14:59:25,2017-11-04 14:59:52,http,10.5.71.60,443,10.64.105.34,3629,5470,3147781
2017-11-04 14:59:26,2017-11-04 14:59:34,http,10.5.71.60,443,10.64.105.34,4774,51641,4222911
2017-11-04 14:59:36,2017-11-04 15:00:26,http,10.5.71.60,443,10.64.105.34,3604,1459,1136692
2017-11-04 14:59:37,2017-11-04 14:59:57,http,10.5.71.60,443,10.64.105.34,3606,57,30218
2017-11-04 15:00:14,2017-11-04 15:00:16,http,10.5.71.60,443,10.64.105.34,4803,1397,1347625
2017-11-04 15:00:24,2017-11-04 15:00:56,http,10.5.71.60,443,10.64.105.34,3665,26,442010
2017-11-04 15:00:54,2017-11-04 15:01:21,http,10.5.71.60,443,10.64.105.34,4820,304,1137475
2017-11-04 15:01:11,2017-11-04 15:01:36,http,10.5.71.60,443,10.64.105.34,3616,15658,542900
2017-11-04 15:01:25,2017-11-04 15:01:46,http,10.5.71.60,443,10.64.105.34,3643,8778,4741136
2017-11-04 15:01:29,2017-11-04 15:01:50,http,10.5.71.60,443,10.64.105.34,4817,37560,4355186
2017-11-04 15:01:41,2017-11-04 15:02:11,http,10.5.71.60,443,10.64.105.34,4813,4095,308065
2017-11-04 15:02:18,2017-11-04 15:02:30,http,10.5.71.60,443,10.64.105.34,4838,1080,1078459
2017-11-04 15:03:18,2017-11-04 15:03:52,http,10.5.71.60,443,10.64.105.34,4828,1252,545453
2017-11-04 15:05:37,2017-11-04 15:05:47,ftp,10.7.133.15,21,10.64.106.51,2611,150004901,2361
2017-11-04 15:05:37,2017-11-04 15:05:47,ftp,10.7.133.15,21,10.64.106.51,2611,1632,495
2017-11-04 15:08:39,2017-11-04 15:08:56,http,10.7.133.18,80,10.64.106.17,2912,4650,154771
2017-11-04 15:09:25,2017-11-04 15:10:16,http,10.7.133.18,80,10.64.106.17,2927,45760,403043
2017-11-04 15:18:59,2017-11-04 15:19:09,ssh,59.111.0.251,22,10.50.50.26,5911,3679,160007040
2017-11-04 15:19:01,2017-11-04 15:19:11,sftp,10.50.50.28,22,10.64.106.51,2611,127,1056
2017-11-04 15:19:01,2017-11-04 15:19:11,ssh,140.211.11.105,22,10.50.50.28,5452,5554,40007609
2017-11-04 15:19:09,2017-11-04 15:19:19,ssh,151.101.228.223,22,10.50.50.26,5907,4853,160001208
2017-11-04 15:19:19,2017-11-04 15:19:29,sftp,10.50.50.26,22,10.64.106.51,2611,9616,150009871
2017-11-04 15:19:29,2017-11-04 15:19:39,sftp,10.50.50.26,22,10.64.106.51,2611,306,240007946
2017-11-04 15:24:42,2017-11-04 15:25:24,http,10.50.50.26,443,10.64.105.34,2416,62,3265349
2017-11-04 15:25:11,2017-11-04 15:25:29,http,10.50.50.26,443,10.64.105.34,2418,7973,2255500
2017-11-04 15:31:15,2017-11-04 15:31:26,http,10.5.71.60,443,10.64.105.34,5348,308,311155
2017-11-04 15:32:24,2017-11-04 15:33:11,http,45.118.133.166,443,10.64.105.34,5415,3849,2325053
2017-11-04 15:32:37,2017-11-04 15:33:36,http,10.50.50.28,443,10.64.105.34,3993,38974,206359
2017-11-04 15:33:15,2017-11-04 15:33:36,http,45.118.133.166,443,10.64.105.34,5421,5081,5317249
2017-11-04 15:33:22,2017-11-04 15:33:26,http,10.50.50.28,443,10.64.105.34,4025,16935,1563
2017-11-04 15:33:26,2017-11-04 15:33:50,http,10.50.50.28,443,10.64.105.34,4061,21504,25529
2017-11-04 15:33:41,2017-11-04 15:33:49,http,10.50.50.28,443,10.64.105.34,4083,753,92108
2017-11-04 15:34:10,2017-11-04 15:34:44,http,198.13.106.136,443,10.64.105.34,4233,2260,411154
2017-11-04 15:34:12,2017-11-04 15:35:00,http,10.50.50.28,443,10.64.105.34,4065,55272,847447
2017-11-04 15:34:33,2017-11-04 15:35:31,http,10.50.50.28,443,10.64.105.34,4077,11983,2018657
2017-11-04 15:34:43,2017-11-04 15:35:15,http,198.13.106.136,443,10.64.105.34,4262,32232,1918219
2017-11-04 15:34:52,2017-11-04 15:35:13,http,198.13.106.136,443,10.64.105.34,4247,10401,930074
2017-11-04 15:35:41,2017-11-04 15:36:13,http,198.13.106.136,443,10.64.105.34,4288,6056,3767517
2017-11-04 15:35:48,2017-11-04 15:35:48,http,10.50.50.28,443,10.64.105.34,4087,70906,979101
2017-11-04 15:35:50,2017-11-04 15:36:48,http,198.13.106.136,443,10.64.105.34,4268,36,4761561
2017-11-04 15:36:07,2017-11-04 15:36:27,http,198.13.106.136,443,10.64.105.34,4266,1540,28850
2017-11-04 15:38:31,2017-11-04 15:38:59,http,198.13.106.136,443,10.64.105.34,4293,643,413257
2017-11-04 15:39:35,2017-11-04 15:39:39,http,10.50.50.48,80,10.64.105.34,2690,4886,157889
2017-11-04 15:40:26,2017-11-04 15:40:46,http,198.13.106.136,443,10.64.105.34,4304,7758,38456
2017-11-04 15:41:20,2017-11-04 15:42:17,http,10.50.50.48,80,10.64.105.34,5574,94,866535
2017-11-04 15:41:22,2017-11-04 15:41:47,http,10.50.50.48,80,10.64.105.34,5680,66685,3600500
2017-11-04 15:41:31,2017-11-04 15:41:59,http,10.50.50.48,80,10.64.105.34,5635,1857,1128032
2017-11-04 15:41:34,2017-11-04 15:42:24,http,10.50.50.48,80,10.64.105.34,5580,2446,1197213
2017-11-04 15:41:49,2017-11-04 15:42:43,http,10.50.50.48,80,10.64.105.34,5612,739,916529
2017-11-04 15:42:02,2017-11-04 15:42:21,http,10.50.50.48,80,10.64.105.34,5660,16381,3773240
2017-11-04 15:42:08,2017-11-04 15:42:18,ssh,219.216.128.25,22,10.7.133.16,5889,160000250,1812
2017-11-04 15:42:18,2017-11-04 15:42:28,mysql,10.7.133.16,4443,10.64.106.51,2611,8900,210008568
2017-11-04 15:48:51,2017-11-04 15:49:01,tds,10.50.50.28,54238,10.64.106.51,2611,8341,30007914
2017-11-04 15:51:05,2017-11-04 15:51:15,ssh,10.50.50.44,22,10.64.105.4,49200,4612,133
2017-11-04 15:52:03,2017-11-04 15:52:13,mysql,10.50.50.28,4443,10.64.105.34,2261,2857,4806
2017-11-04 15:54:30,2017-11-04 15:54:51,http,10.50.50.26,443,10.64.105.34,3224,8491,707376
2017-11-04 15:55:10,2017-11-04 15:55:20,ssh,10.50.50.44,22,10.64.105.4,49200,4103,190
2017-11-04 15:55:23,2017-11-04 15:56:18,http,10.50.50.26,443,10.64.105.34,3257,1030,5782794
2017-11-04 15:55:38,2017-11-04 15:56:11,http,10.50.50.26,443,10.64.105.34,3264,212,2719445
2017-11-04 15:55:46,2017-11-04 15:56:32,http,10.50.50.26,443,10.64.105.34,3300,1641,79064
2017-11-04 15:56:28,2017-11-04 15:57:25,http,10.50.50.26,443,10.64.105.34,3267,2365,25766
2017-11-04 15:57:06,2017-11-04 15:57:17,http,10.50.50.26,443,10.64.105.34,3303,30028,225324
2017-11-04 15:57:22,2017-11-04 15:57:36,http,10.7.133.15,80,10.64.106.51,3524,21950,1201261
2017-11-04 15:57:36,2017-11-04 15:57:50,http,10.7.133.15,80,10.64.106.51,3570,36594,432854
2017-11-04 15:57:51,2017-11-04 15:58:11,http,10.50.50.26,443,10.64.105.34,3296,3665,1600953
2017-11-04 15:58:48,2017-11-04 15:58:51,http,10.7.133.15,80,10.64.106.51,3650,11580,1154887
2017-11-04 15:59:14,2017-11-04 15:59:24,http,10.7.133.15,80,10.64.106.51,3633,1166,550399
2017-11-04 15:59:15,2017-11-04 15:59:26,http,10.7.133.15,80,10.64.106.51,3608,9488,325272
2017-11-04 16:02:56,2017-11-04 16:03:29,http,58.222.19.72,443,10.64.106.51,3267,82788,593584
2017-11-04 16:03:02,2017-11-04 16:03:10,http,58.222.19.72,443,10.64.106.51,3271,21048,41518
2017-11-04 16:12:34,2017-11-04 16:12:44,ssh,10.50.50.44,22,10.64.105.4,49200,3459,157
2017-11-04 16:19:13,2017-11-04 16:19:59,http,10.50.50.29,443,10.64.106.51,2612,29777,36491
2017-11-04 16:19:18,2017-11-04 16:19:28,ftp,10.7.133.18,21,10.64.106.17,2182,3407,4457
2017-11-04 16:19:41,2017-11-04 16:20:05,http,10.50.50.29,443,10.64.106.51,2666,37272,7419255
2017-11-04 16:20:11,2017-11-04 16:20:43,http,10.50.50.29,443,10.64.106.51,2652,11801,208105
2017-11-04 16:20:32,2017-11-04 16:21:08,http,10.50.50.26,443,10.64.106.17,2823,8215,2411621
2017-11-04 16:20:45,2017-11-04 16:20:54,http,10.50.50.29,443,10.64.106.51,2696,17492,804172
2017-11-04 16:21:17,2017-11-04 16:21:32,http,10.50.50.26,443,10.64.106.17,2847,24688,430925
2017-11-04 16:21:18,2017-11-04 16:21:57,http,10.50.50.26,443,10.64.106.17,2851,2603,5250
2017-11-04 16:21:46,2017-11-04 16:22:15,http,10.50.50.29,443,10.64.106.51,2707,5,190125
2017-11-04 16:21:55,2017-11-04 16:22:33,http,10.50.50.29,443,10.64.106.51,2682,46014,709
2017-11-04 16:22:02,2017-11-04 16:22:07,http,10.50.50.29,443,10.64.106.51,2716,171,2715029
2017-11-04 16:22:10,2017-11-04 16:22:20,ftp,10.50.50.28,21,10.64.106.17,2182,1686,5313
2017-11-04 16:22:10,2017-11-04 16:22:20,ftp,10.50.50.28,21,10.64.106.17,2182,30005028,1409
2017-11-04 16:22:20,2017-11-04 16:22:30,ftp,10.50.50.28,21,10.64.106.17,2182,325,150008385
2017-11-04 16:22:30,2017-11-04 16:23:01,http,10.50.50.26,443,10.64.106.51,3280,5074,119774
2017-11-04 16:22:30,2017-11-04 16:22:40,ssh,219.216.128.25,22,10.50.50.28,5962,160009420,4074
2017-11-04 16:22:32,2017-11-04 16:23:28,http,10.50.50.26,443,10.64.106.51,3297,1477,1890338
2017-11-04 16:22:39,2017-11-04 16:23:21,http,10.50.50.26,443,10.64.106.17,2889,9649,481356
2017-11-04 16:23:19,2017-11-04 16:23:45,http,10.50.50.26,443,10.64.106.17,2875,9811,2269348
2017-11-04 16:23:23,2017-11-04 16:23:35,http,10.50.50.26,443,10.64.106.17,2891,1814,530677
2017-11-04 16:23:44,2017-11-04 16:24:13,http,10.50.50.26,443,10.64.106.51,3329,12762,766413
2017-11-04 16:23:52,2017-11-04 16:24:46,http,10.50.50.26,443,10.64.106.51,3324,9544,6330170
2017-11-04 16:24:37,2017-11-04 16:25:01,http,10.50.50.29,443,10.64.106.51,2733,20717,89405
2017-11-04 16:24:51,2017-11-04 16:25:46,http,10.50.50.29,443,10.64.105.34,4147,18430,1237578
2017-11-04 16:25:01,2017-11-04 16:25:53,http,10.50.50.29,443,10.64.106.51,2743,717,1523226
2017-11-04 16:25:12,2017-11-04 16:25:25,http,10.50.50.29,443,10.64.105.34,4158,50157,373791
2017-11-04 16:25:26,2017-11-04 16:25:52,http,10.50.50.29,443,10.64.105.34,4173,2326,4625085
2017-11-04 16:25:30,2017-11-04 16:25:46,http,10.50.50.29,443,10.64.105.34,4156,4683,359934
2017-11-04 16:26:25,2017-11-04 16:27:09,http,10.50.50.29,443,10.64.105.34,4162,6846,4189281
2017-11-04 16:28:46,2017-11-04 16:29:08,http,10.50.50.29,443,10.64.105.34,4180,8201,2386557
2017-11-04 16:31:37,2017-11-04 16:48:48,smtp,10.5.71.60,25,10.116.216.71,2201,115,224
2017-11-04 16:31:51,2017-11-04 16:32:26,http,116.251.204.42,443,10.64.106.17,2185,11826,2185030
2017-11-04 16:32:10,2017-11-04 16:32:51,http,116.251.204.42,443,10.64.106.17,2286,32069,2263400
2017-11-04 16:32:25,2017-11-04 16:32:57,http,116.251.204.42,443,10.64.106.17,2200,19304,2771738
2017-11-04 16:32:26,2017-11-04 16:33:02,http,10.5.71.60,443,10.64.105.34,4861,488,585405
2017-11-04 16:32:33,2017-11-04 16:33:18,http,10.50.50.27,443,10.64.106.51,3846,37558,545591
2017-11-04 16:32:35,2017-11-04 16:33:09,http,10.5.71.60,443,10.64.105.34,4875,28703,91
2017-11-04 16:32:43,2017-11-04 16:33:32,http,10.5.71.60,443,10.64.105.34,2446,9797,926308
2017-11-04 16:32:53,2017-11-04 16:33:09,http,116.251.204.42,443,10.64.106.17,2263,11,5872329
2017-11-04 16:33:07,2017-11-04 16:33:30,http,116.251.204.42,443,10.64.106.17,2215,666,43
2017-11-04 16:33:12,2017-11-04 16:33:50,http,10.5.71.60,443,10.64.105.34,2462,12074,901667
2017-11-04 16:33:13,2017-11-04 16:33:52,http,10.50.50.27,443,10.64.106.51,3848,564,2872074
2017-11-04 16:33:17,2017-11-04 16:33:54,http,10.5.71.60,443,10.64.105.34,4944,71763,8212
2017-11-04 16:33:23,2017-11-04 16:33:52,http,116.251.204.42,443,10.64.106.17,2243,2688,989643
2017-11-04 16:33:24,2017-11-04 16:33:24,http,116.251.204.42,443,10.64.106.17,2244,2276,2918054
2017-11-04 16:33:28,2017-11-04 16:34:27,http,10.5.71.60,443,10.64.105.34,2556,985,356665
2017-11-04 16:33:33,2017-11-04 16:34:11,http,10.5.71.60,443,10.64.105.34,2453,3096,70323
2017-11-04 16:33:35,2017-11-04 16:34:07,http,10.50.50.27,443,10.64.106.51,3876,23611,6346424
2017-11-04 16:33:57,2017-11-04 16:34:07,http,116.251.204.42,443,10.64.106.17,2224,14261,4758824
2017-11-04 16:34:06,2017-11-04 16:34:50,http,10.5.71.60,443,10.64.105.34,4879,2820,136470
2017-11-04 16:34:09,2017-11-04 16:34:31,http,10.5.71.60,443,10.64.105.34,2461,44640,9382385
2017-11-04 16:34:26,2017-11-04 16:35:05,http,10.50.50.26,443,10.64.106.51,2815,38157,989441
2017-11-04 16:34:34,2017-11-04 16:35:25,http,10.5.71.60,443,10.64.105.34,4890,3590,2467247
2017-11-04 16:34:35,2017-11-04 16:35:07,http,10.5.71.60,443,10.64.105.34,2504,28465,42419
2017-11-04 16:34:45,2017-11-04 16:35:37,http,10.5.71.60,443,10.64.105.34,4882,56384,888343
2017-11-04 16:34:55,2017-11-04 16:35:46,http,10.5.71.60,443,10.64.105.34,2517,32944,1044372
2017-11-04 16:35:04,2017-11-04 16:35:33,http,10.50.50.26,443,10.64.106.51,2839,16162,2419775
2017-11-04 16:35:18,2017-11-04 16:36:00,http,10.5.71.60,443,10.64.105.34,4895,1504,3483815
2017-11-04 16:35:57,2017-11-04 16:36:11,http,116.251.204.42,443,10.64.106.17,2257,2137,163020
2017-11-04 16:36:24,2017-11-04 16:37:08,http,116.251.204.42,443,10.64.106.17,2259,784,406542
2017-11-04 16:36:26,2017-11-04 16:36:55,http,10.5.71.60,443,10.64.105.34,2493,1301,69789
2017-11-04 16:36:33,2017-11-04 16:36:43,ssh,10.50.50.44,22,10.64.105.4,49200,2490,133
2017-11-04 16:37:45,2017-11-04 16:38:25,http,10.5.71.60,443,10.64.105.34,4924,347,166984
2017-11-04 16:38:47,2017-11-04 16:39:43,http,10.5.71.60,443,10.64.105.34,4939,21601,3576843
2017-11-04 16:38:48,2017-11-04 16:39:28,http,10.5.71.60,443,10.64.105.34,2541,20862,1196606
2017-11-04 16:41:05,2017-11-04 16:41:31,http,10.50.50.48,80,10.64.105.34,3043,1022,2473
2017-11-04 16:41:28,2017-11-04 16:41:54,http,10.5.71.60,443,10.64.105.34,2592,6039,2551801
2017-11-04 16:41:54,2017-11-04 16:42:18,http,10.50.50.48,80,10.64.105.34,3068,3786,3047803
2017-11-04 16:41:56,2017-11-04 16:42:17,http,10.50.50.48,80,10.64.105.34,3059,2907,284699
2017-11-04 16:47:12,2017-11-04 16:47:46,http,10.50.50.28,443,10.64.105.34,5445,2574,767
2017-11-04 16:47:14,2017-11-04 16:47:31,http,10.50.50.28,443,10.64.105.34,5491,11042,89739
2017-11-04 16:47:41,2017-11-04 16:48:27,http,10.50.50.28,443,10.64.105.34,5456,138,1758502
2017-11-04 16:47:45,2017-11-04 16:48:38,http,10.50.50.28,443,10.64.105.34,5474,64,5199
2017-11-04 16:48:33,2017-11-04 16:49:03,http,10.50.50.28,443,10.64.105.34,5503,40412,76326
2017-11-04 16:50:12,2017-11-04 16:50:22,mysql,10.50.50.26,4443,10.64.106.17,2182,4641,134
2017-11-04 16:50:14,2017-11-04 16:50:49,http,10.50.50.28,443,10.64.105.34,5497,42382,300928
2017-11-04 16:50:37,2017-11-04 16:51:05,http,10.50.50.28,443,10.64.105.34,5522,32913,960745
2017-11-04 16:51:24,2017-11-04 16:51:58,http,10.5.71.60,443,10.64.106.17,2732,19364,1623622
2017-11-04 16:51:54,2017-11-04 16:52:25,http,10.5.71.60,443,10.64.106.17,2775,51340,352705
2017-11-04 16:53:11,2017-11-04 16:53:21,ssh,219.216.128.25,22,10.7.133.16,5435,7221,160003727
2017-11-04 16:53:11,2017-11-04 16:53:21,mysql,10.7.133.16,4443,10.64.106.51,2611,1451,5475
2017-11-04 16:53:21,2017-11-04 16:53:31,mysql,10.7.133.16,4443,10.64.106.51,2611,2720,60008322
2017-11-04 16:53:31,2017-11-04 16:53:41,mysql,10.7.133.16,4443,10.64.106.51,2611,180000743,5000
2017-11-04 16:55:15,2017-11-04 16:56:06,http,198.13.106.136,443,10.64.105.34,3950,4005,171546
2017-11-04 16:55:21,2017-11-04 16:55:50,http,198.13.106.136,443,10.64.105.34,3960,12744,4162794
2017-11-04 16:57:23,2017-11-04 16:57:36,http,10.5.71.60,443,10.64.105.34,3216,134,3041965
2017-11-04 16:58:04,2017-11-04 16:58:50,http,10.7.133.15,80,10.64.106.51,3676,11980,6024641
2017-11-04 16:58:13,2017-11-04 16:58:56,http,10.7.133.15,80,10.64.106.51,3738,62871,491741
2017-11-04 16:58:16,2017-11-04 16:58:41,http,58.223.168.55,443,10.64.106.51,3004,4249,3553831
2017-11-04 16:58:24,2017-11-04 16:59:15,http,58.223.168.55,443,10.64.106.51,3024,893,61423
2017-11-04 16:58:27,2017-11-04 16:58:55,http,10.7.133.15,80,10.64.106.51,3721,7361,5301268
2017-11-04 16:58:34,2017-11-04 16:58:45,http,58.223.168.55,443,10.64.106.51,3090,36132,138
2017-11-04 16:58:42,2017-11-04 16:59:02,http,10.7.133.15,80,10.64.106.51,3689,6128,2117456
2017-11-04 16:59:31,2017-11-04 16:59:49,http,58.223.168.55,443,10.64.106.51,3050,10379,5493
2017-11-04 16:59:36,2017-11-04 17:00:15,http,58.223.168.55,443,10.64.106.51,3082,3482,2870904
2017-11-04 16:59:37,2017-11-04 17:00:18,http,10.7.133.15,80,10.64.106.51,3700,243,3761947
2017-11-04 16:59:50,2017-11-04 17:00:45,http,10.50.50.29,443,10.64.106.51,2969,18367,1361116
2017-11-04 16:59:56,2017-11-04 17:00:53,http,10.50.50.29,443,10.64.106.51,2987,260,1273919
2017-11-04 17:00:02,2017-11-04 17:00:39,http,10.50.50.29,443,10.64.106.51,2992,6647,1510733
2017-11-04 17:00:04,2017-11-04 17:01:01,http,10.50.50.29,443,10.64.106.51,2985,14306,65428
2017-11-04 17:00:46,2017-11-04 17:01:18,http,10.7.133.15,80,10.64.106.51,3719,11315,1232423
2017-11-04 17:00:58,2017-11-04 17:01:24,http,10.7.133.15,80,10.64.106.51,3709,18575,3292959
2017-11-04 17:02:47,2017-11-04 17:02:53,http,10.7.133.15,80,10.64.106.51,3754,38923,3371734
2017-11-04 17:03:06,2017-11-04 17:03:55,http,10.7.133.15,80,10.64.106.51,3726,1273,172047
2017-11-04 17:03:18,2017-11-04 17:04:11,http,58.223.168.55,443,10.64.106.51,3785,91044,3063
2017-11-04 17:03:42,2017-11-04 17:04:35,http,58.223.168.55,443,10.64.106.51,3829,1122,336133
2017-11-04 17:04:23,2017-11-04 17:04:36,http,58.218.207.238,8080,10.64.106.17,2615,117,73064
2017-11-04 17:04:26,2017-11-04 17:04:43,http,58.218.207.238,8080,10.64.106.17,2673,62726,213943
2017-11-04 17:04:29,2017-11-04 17:05:16,http,58.218.207.238,8080,10.64.106.17,2618,9,17890
2017-11-04 17:04:33,2017-11-04 17:04:43,sftp,10.50.50.26,22,10.64.106.51,2611,4436,2505
2017-11-04 17:04:33,2017-11-04 17:04:43,sftp,10.50.50.26,22,10.64.106.51,2611,210007982,3501
2017-11-04 17:04:43,2017-11-04 17:04:53,ssh,219.216.128.25,22,10.50.50.26,5489,140003072,8254
2017-11-04 17:04:53,2017-11-04 17:05:03,ssh,151.101.228.162,22,10.50.50.26,5080,60009974,2349
2017-11-04 17:05:01,2017-11-04 17:05:45,http,58.218.207.238,8080,10.64.106.17,2623,56379,600827
2017-11-04 17:05:03,2017-11-04 17:05:13,ssh,219.216.128.25,22,10.50.50.26,5603,6434,100005556
2017-11-04 17:05:23,2017-11-04 17:06:17,http,58.218.207.238,8080,10.64.106.17,2619,370,212746
2017-11-04 17:06:14,2017-11-04 17:06:24,tds,10.50.50.28,54238,10.64.106.51,2611,81,180002206
2017-11-04 17:06:14,2017-11-04 17:06:24,tds,10.50.50.28,54238,10.64.106.51,2611,570,8150
2017-11-04 17:06:24,2017-11-04 17:06:34,tds,10.50.50.28,54238,10.64.106.51,2611,120000269,6432
2017-11-04 17:07:10,2017-11-04 17:08:05,http,58.218.207.238,8080,10.64.106.17,2663,40592,2056032
2017-11-04 17:09:05,2017-11-04 17:09:39,http,58.218.207.238,8080,10.64.106.17,2703,1348,38362
2017-11-04 17:12:12,2017-11-04 17:12:22,mysql,10.50.50.29,4443,10.64.106.17,2182,5698,240007011
2017-11-04 17:12:59,2017-11-04 17:13:22,http,58.223.168.55,443,10.64.106.51,2776,4068,3456631
2017-11-04 17:13:46,2017-11-04 17:14:41,http,58.223.168.55,443,10.64.106.51,2797,9857,2008782
2017-11-04 17:16:07,2017-11-04 17:16:17,mysql,10.7.133.16,4443,10.64.105.34,2261,4284,4780
2017-11-04 17:19:00,2017-11-04 17:19:24,http,10.50.50.26,443,10.64.106.17,2316,69548,305508
2017-11-04 17:19:01,2017-11-04 17:19:53,http,10.50.50.26,443,10.64.106.17,2346,46020,4448673
2017-11-04 17:20:00,2017-11-04 17:20:15,http,10.50.50.26,443,10.64.106.17,2349,8083,6282
2017-11-04 17:20:20,2017-11-04 17:36:46,smtp,10.5.71.60,25,10.116.216.72,2295,128,182
2017-11-04 17:24:27,2017-11-04 17:24:37,sftp,10.50.50.29,22,10.64.106.17,2182,4364,1903
2017-11-04 17:24:27,2017-11-04 17:24:37,ssh,219.216.128.25,22,10.50.50.29,5086,9544,80009678
2017-11-04 17:24:37,2017-11-04 17:24:47,sftp,10.50.50.29,22,10.64.106.17,2182,90000437,8506
2017-11-04 17:26:47,2017-11-04 17:27:45,http,10.5.71.60,443,10.64.105.34,4317,10218,5004468
2017-11-04 17:26:54,2017-11-04 17:27:22,http,10.5.71.60,443,10.64.105.34,4322,51,1016583
2017-11-04 17:27:50,2017-11-04 17:27:51,http,10.63.120.70,443,10.64.105.34,3691,69110,66698
2017-11-04 17:28:16,2017-11-04 17:28:32,http,10.63.120.70,443,10.64.105.34,3765,65108,251423
2017-11-04 17:28:22,2017-11-04 17:28:33,http,10.63.120.70,443,10.64.105.34,3721,28640,452610
2017-11-04 17:28:23,2017-11-04 17:29:00,http,10.63.120.70,443,10.64.105.34,3702,5883,473517
2017-11-04 17:29:22,2017-11-04 17:29:53,http,10.63.120.70,443,10.64.105.34,3706,12273,17307
2017-11-04 17:30:58,2017-11-04 17:31:43,http,10.63.120.70,443,10.64.105.34,3744,3344,1650854
2017-11-04 17:32:00,2017-11-04 17:32:10,ssh,10.50.50.44,22,10.64.105.4,49200,935,160
2017-11-04 17:32:43,2017-11-04 17:32:53,ssh,10.50.50.44,22,10.64.105.4,49200,2196,117
2017-11-04 17:34:04,2017-11-04 17:34:26,http,10.50.50.26,443,10.64.106.51,3419,547,1883702
2017-11-04 17:34:20,2017-11-04 17:34:39,http,10.50.50.26,443,10.64.106.51,3470,80,40692
2017-11-04 17:34:28,2017-11-04 17:34:44,http,10.50.50.26,443,10.64.106.51,3465,12319,1341732
2017-11-04 17:34:30,2017-11-04 17:35:23,http,10.50.50.26,443,10.64.106.51,3458,13980,189893
2017-11-04 17:35:09,2017-11-04 17:35:28,http,10.50.50.26,443,10.64.106.51,3466,19002,1182542
2017-11-04 17:37:51,2017-11-04 17:38:19,http,10.63.120.70,443,10.64.106.51,3337,56164,592133
2017-11-04 17:38:13,2017-11-04 17:38:54,http,10.63.120.70,443,10.64.106.51,3339,16028,6738902
2017-11-04 17:38:38,2017-11-04 17:38:45,http,10.63.120.70,443,10.64.106.51,3366,12348,214459
2017-11-04 17:39:32,2017-11-04 17:39:35,http,10.63.120.70,443,10.64.106.51,3341,16469,721032
2017-11-04 17:45:41,2017-11-04 17:45:42,http,10.50.50.28,443,10.64.106.51,3120,27844,33740
2017-11-04 17:46:04,2017-11-04 17:47:03,http,10.50.50.28,443,10.64.106.51,3164,449,1266407
2017-11-04 17:46:49,2017-11-04 17:46:58,http,10.50.50.28,443,10.64.105.34,3423,60200,3689067
2017-11-04 17:47:01,2017-11-04 17:47:11,sftp,10.7.133.16,22,10.64.106.51,2611,6261,210000467
2017-11-04 17:47:01,2017-11-04 17:47:11,sftp,10.7.133.16,22,10.64.106.51,2611,3971,5205
2017-11-04 17:47:11,2017-11-04 17:47:21,ssh,114.55.80.225,22,10.7.133.16,5861,120001409,4037
2017-11-04 17:47:31,2017-11-04 17:47:59,http,10.50.50.28,443,10.64.105.34,3424,16740,921709
2017-11-04 17:48:51,2017-11-04 17:49:42,http,10.5.71.60,443,10.64.105.34,3382,46490,2334299
2017-11-04 17:49:21,2017-11-04 17:50:15,http,10.5.71.60,443,10.64.105.34,3387,6631,2803670
2017-11-04 17:52:37,2017-11-04 17:52:47,mongodb,10.50.50.26,8005,10.64.106.17,2182,994,30006983
2017-11-04 17:52:37,2017-11-04 17:52:47,mongodb,10.50.50.26,8005,10.64.106.17,2182,239,6968
2017-11-04 17:52:47,2017-11-04 17:52:57,ssh,219.216.128.25,22,10.50.50.26,5994,3151,120008978
2017-11-04 17:53:58,2017-11-04 17:54:55,http,10.50.50.27,443,10.64.105.34,2693,12148,74575
2017-11-04 17:54:01,2017-11-04 17:54:59,http,10.50.50.27,443,10.64.105.34,2698,5541,787196
2017-11-04 17:54:27,2017-11-04 17:54:59,http,10.50.50.27,443,10.64.105.34,2769,13889,1569398
2017-11-04 17:54:48,2017-11-04 17:54:51,http,10.50.50.27,443,10.64.105.34,2806,6809,2365866
2017-11-04 17:54:53,2017-11-04 17:55:03,ssh,219.216.128.25,22,10.50.50.28,5626,1320,100003415
2017-11-04 17:54:53,2017-11-04 17:55:03,mysql,10.50.50.28,4443,10.64.106.51,2611,2006,6076
2017-11-04 17:55:45,2017-11-04 17:56:04,http,10.50.50.27,443,10.64.105.34,2729,1339,61871
2017-11-04 17:56:15,2017-11-04 17:56:21,http,10.50.50.27,443,10.64.105.34,2758,5147,2170145
2017-11-04 17:56:55,2017-11-04 17:56:56,http,10.50.50.27,443,10.64.105.34,2760,33331,875
2017-11-04 17:59:19,2017-11-04 17:59:54,http,10.50.50.27,443,10.64.105.34,2838,4642,281788
2017-11-04 17:59:32,2017-11-04 18:00:23,http,10.50.50.27,443,10.64.105.34,2831,2491,4549644
2017-11-04 17:59:47,2017-11-04 17:59:49,http,10.50.50.27,443,10.64.105.34,2782,17142,18195
2017-11-04 18:09:48,2017-11-04 18:10:13,http,151.101.193.34,80,10.64.106.51,2869,5114,2270230
2017-11-04 18:09:51,2017-11-04 18:10:20,http,151.101.193.34,80,10.64.106.51,2917,1977,5023537
2017-11-04 18:09:59,2017-11-04 18:10:25,http,151.101.193.34,80,10.64.106.51,2872,7028,349939
2017-11-04 18:10:09,2017-11-04 18:10:35,http,151.101.193.34,80,10.64.106.51,2883,50319,956865
2017-11-04 18:11:08,2017-11-04 18:11:35,http,151.101.193.34,80,10.64.106.51,2876,617,93560
2017-11-04 18:11:20,2017-11-04 18:11:20,http,151.101.193.34,80,10.64.106.51,2929,24286,346941
2017-11-04 18:12:22,2017-11-04 18:12:57,http,10.50.50.48,80,10.64.105.34,3459,55432,63324
2017-11-04 18:12:40,2017-11-04 18:12:57,http,10.50.50.48,80,10.64.105.34,3511,17786,8659
2017-11-04 18:12:40,2017-11-04 18:12:58,http,10.50.50.48,80,10.64.105.34,3549,3621,1439335
2017-11-04 18:12:40,2017-11-04 18:13:37,http,10.50.50.48,80,10.64.105.34,3484,61430,4230584
2017-11-04 18:12:42,2017-11-04 18:13:30,http,151.101.193.34,80,10.64.106.51,2880,30435,574498
2017-11-04 18:13:06,2017-11-04 18:13:44,http,10.50.50.48,80,10.64.105.34,3547,39622,728300
2017-11-04 18:13:32,2017-11-04 18:14:24,http,10.50.50.48,80,10.64.105.34,3506,6807,368925
2017-11-04 18:14:20,2017-11-04 18:14:34,http,151.101.193.34,80,10.64.106.51,2903,1145,4913349
2017-11-04 18:15:46,2017-11-04 18:16:08,http,151.101.193.34,80,10.64.106.51,2915,4766,6423
2017-11-04 18:16:44,2017-11-04 18:17:13,http,10.50.50.48,80,10.64.105.34,3592,1299,4544850
2017-11-04 18:17:04,2017-11-04 18:17:28,http,151.101.193.34,80,10.64.106.51,2946,71669,931696
2017-11-04 18:17:16,2017-11-04 18:17:38,http,10.50.50.48,80,10.64.105.34,3586,21326,2352614
2017-11-04 18:18:03,2017-11-04 18:19:02,http,10.50.50.48,80,10.64.105.34,3550,1597,1749899
2017-11-04 18:22:02,2017-11-04 18:22:12,mongodb,10.50.50.26,8005,10.64.106.51,2611,1562,240004749
2017-11-04 18:23:41,2017-11-04 18:23:51,ssh,10.50.50.26,22,10.64.106.51,2611,3113,7284
2017-11-04 18:23:41,2017-11-04 18:23:51,ssh,10.50.50.26,22,10.64.106.51,2611,90002971,1510
2017-11-04 18:24:58,2017-11-04 18:25:08,ssh,10.50.50.44,22,10.64.105.4,49200,4311,101
2017-11-04 18:26:34,2017-11-04 18:26:57,http,10.50.50.48,80,10.64.105.34,4539,159,2545478
2017-11-04 18:27:03,2017-11-04 18:27:46,http,10.50.50.48,80,10.64.105.34,4546,36581,78868
2017-11-04 18:27:41,2017-11-04 18:28:12,http,10.50.50.48,80,10.64.105.34,4552,17723,1938558
2017-11-04 18:28:07,2017-11-04 18:28:37,http,10.50.50.48,80,10.64.105.34,4591,52,159422
2017-11-04 18:30:01,2017-11-04 18:30:11,ssh,10.50.50.44,22,10.64.105.4,49200,586,120
2017-11-04 18:32:27,2017-11-04 18:33:06,http,10.50.50.29,443,10.64.105.34,2901,17803,917744
2017-11-04 18:32:34,2017-11-04 18:32:43,http,10.50.50.29,443,10.64.105.34,2909,33297,1794918
2017-11-04 18:32:39,2017-11-04 18:33:16,http,10.50.50.29,443,10.64.105.34,2907,0,381311
2017-11-04 18:32:46,2017-11-04 18:33:26,http,10.50.50.29,443,10.64.105.34,2962,0,1961661
2017-11-04 18:33:45,2017-11-04 18:33:54,http,10.50.50.29,443,10.64.105.34,2986,176,161254
2017-11-04 18:34:16,2017-11-04 18:35:13,http,10.50.50.29,443,10.64.105.34,2912,375,4347629
2017-11-04 18:34:17,2017-11-04 18:34:54,http,10.50.50.27,443,10.64.105.34,5138,12762,4891094
2017-11-04 18:34:32,2017-11-04 18:34:48,http,10.50.50.27,443,10.64.105.34,5231,195,37614
2017-11-04 18:34:33,2017-11-04 18:35:09,http,10.50.50.27,443,10.64.105.34,5186,88633,2296539
2017-11-04 18:34:51,2017-11-04 18:35:27,http,10.50.50.27,443,10.64.105.34,5314,1418,8096119
2017-11-04 18:34:52,2017-11-04 18:35:35,http,10.50.50.27,443,10.64.105.34,5285,44493,458414
2017-11-04 18:35:16,2017-11-04 18:36:05,http,10.50.50.27,443,10.64.105.34,5206,24361,6161029
2017-11-04 18:35:51,2017-11-04 18:36:41,http,10.50.50.27,443,10.64.105.34,5324,214,2235634
2017-11-04 18:35:54,2017-11-04 18:36:08,http,10.50.50.27,443,10.64.105.34,5268,5193,6268377
2017-11-04 18:36:10,2017-11-04 18:36:14,http,10.50.50.29,443,10.64.105.34,2964,3048,2138896
2017-11-04 18:37:27,2017-11-04 18:38:19,http,10.50.50.27,443,10.64.105.34,5232,20972,33122
2017-11-04 18:37:36,2017-11-04 18:38:18,http,10.50.50.29,443,10.64.105.34,3025,956,509863
2017-11-04 18:40:08,2017-11-04 18:40:25,http,10.50.50.27,443,10.64.105.34,5326,4448,74657
2017-11-04 18:44:54,2017-11-04 18:45:07,http,10.5.71.60,443,10.64.105.34,3095,5159,281554
2017-11-04 18:45:37,2017-11-04 18:46:24,http,10.5.71.60,443,10.64.105.34,3123,16445,1535288
2017-11-04 18:45:45,2017-11-04 18:46:42,http,10.5.71.60,443,10.64.105.34,3119,29,696254
2017-11-04 18:46:11,2017-11-04 18:46:14,http,10.5.71.60,443,10.64.105.34,3148,11105,1096725
2017-11-04 18:48:02,2017-11-04 19:00:35,smtp,10.5.71.60,25,10.116.216.72,2269,163,140
2017-11-04 18:48:52,2017-11-04 18:49:02,ssh,69.171.233.24,22,10.7.133.16,5697,100004110,1703
2017-11-04 18:48:52,2017-11-04 18:49:02,sftp,10.7.133.16,22,10.64.105.34,2261,2961,26
2017-11-04 18:49:02,2017-11-04 18:49:12,sftp,10.7.133.16,22,10.64.105.34,2261,180000303,3708
2017-11-04 18:54:00,2017-11-04 18:54:15,http,10.50.50.29,443,10.64.105.34,2613,5357,5701
2017-11-04 18:54:17,2017-11-04 18:55:03,http,10.50.50.29,443,10.64.105.34,2634,26777,6615042
2017-11-04 18:54:58,2017-11-04 18:55:23,http,10.50.50.29,443,10.64.105.34,2614,2132,213221
2017-11-04 18:55:54,2017-11-04 18:56:16,http,10.50.50.29,443,10.64.105.34,2617,26140,1997171
2017-11-04 18:56:20,2017-11-04 18:56:23,http,10.50.50.29,443,10.64.105.34,2621,890,1811
2017-11-04 18:56:28,2017-11-04 18:56:40,http,10.50.50.28,443,10.64.105.34,4109,1294,1413940
2017-11-04 18:56:51,2017-11-04 18:57:02,http,10.50.50.28,443,10.64.105.34,4116,119,683934
2017-11-04 18:56:57,2017-11-04 18:57:07,sftp,10.50.50.26,22,10.64.105.34,2261,345,3464
2017-11-04 18:56:57,2017-11-04 18:57:07,sftp,10.50.50.26,22,10.64.105.34,2261,120004338,8219
2017-11-04 18:57:06,2017-11-04 18:57:56,http,10.50.50.29,443,10.64.105.34,2631,3923,46771
2017-11-04 18:57:07,2017-11-04 18:57:17,ssh,101.6.6.177,22,10.50.50.26,5384,7360,20003356
2017-11-04 18:57:17,2017-11-04 18:57:27,ssh,219.216.128.25,22,10.50.50.26,5190,9911,80006299
2017-11-04 18:57:26,2017-11-04 18:58:15,http,10.50.50.29,443,10.64.105.34,2661,497,463460
2017-11-04 18:57:27,2017-11-04 18:57:37,sftp,10.50.50.26,22,10.64.105.34,2261,150008856,9521
2017-11-04 18:57:48,2017-11-04 18:57:51,http,10.50.50.28,443,10.64.105.34,4117,14863,92157
2017-11-04 18:58:12,2017-11-04 18:58:15,http,10.50.50.29,443,10.64.105.34,2669,50347,957838
2017-11-04 19:00:33,2017-11-04 19:01:31,http,10.50.50.48,80,10.64.105.34,4727,5166,48
2017-11-04 19:01:20,2017-11-04 19:01:27,http,10.50.50.48,80,10.64.105.34,4729,48,3586269
2017-11-04 19:01:28,2017-11-04 19:01:48,http,10.50.50.48,80,10.64.105.34,4744,32505,58
2017-11-04 19:01:48,2017-11-04 19:02:07,http,10.50.50.29,443,10.64.105.34,2676,34412,421916
2017-11-04 19:03:33,2017-11-04 19:04:12,http,10.50.50.48,80,10.64.105.34,4752,15335,8548320
2017-11-04 19:06:55,2017-11-04 19:07:33,http,10.50.50.28,443,10.64.105.34,2290,27267,1459681
2017-11-04 19:07:30,2017-11-04 19:08:26,http,10.50.50.28,443,10.64.105.34,2301,1944,523141
2017-11-04 19:07:51,2017-11-04 19:08:08,http,10.50.50.28,443,10.64.105.34,2368,1460,4927366
2017-11-04 19:08:44,2017-11-04 19:09:44,http,10.50.50.28,443,10.64.105.34,2342,44450,2974230
2017-11-04 19:10:08,2017-11-04 19:10:50,http,10.50.50.28,443,10.64.105.34,2380,30272,1762504
2017-11-04 19:30:52,2017-11-04 19:31:02,ssh,10.50.50.44,22,10.64.105.4,49200,2033,169
2017-11-04 19:46:05,2017-11-04 19:46:15,ssh,10.50.50.44,22,10.64.105.4,49200,3638,183
2017-11-04 19:57:21,2017-11-04 19:57:31,ssh,10.50.50.44,22,10.64.105.4,49200,3393,119
2017-11-04 20:10:59,2017-11-04 20:11:09,ssh,10.50.50.44,22,10.64.105.4,49200,2489,113
2017-11-04 21:43:43,2017-11-04 21:43:53,ssh,10.50.50.44,22,10.64.105.4,49200,1826,196
2017-11-04 21:46:28,2017-11-04 21:46:38,ssh,10.50.50.44,22,10.64.105.4,49200,230,142